index,task_type,prompt,ori_image,result_dir,result_image,sc,pq,VIEScore,notes
251,tie,把背景p成上海外滩,,,,8.0,7.0,7.4833,"背景成功替换为上海外滩，但水面反射和天空颜色与新背景略有不协调（sc-2, pq-3）"
251,tie,把背景p成上海外滩,,,,2.0,5.0,3.1623,"背景未替换为上海外滩，且图像有明显的噪点和失真（sc-7, pq-5）"
252,tie,change the color of shirt to gray,,,,9.0,9.0,9.0,衣服颜色成功变为灰色，整体效果自然（无扣分）
252,tie,change the color of shirt to gray,,,,9.0,8.0,8.4853,"衣服颜色成功变为灰色，但有轻微的色块不均匀（sc-1, pq-2）"
253,tie,Transform the image into a retro aesthetic.,,,,8.0,7.0,7.4833,"整体色调调整符合复古风格，但部分细节如光影处理略显生硬（sc-2, pq-3）"
253,tie,Transform the image into a retro aesthetic.,,,,8.0,7.0,7.4833,"整体色调调整符合复古风格，但部分细节如光影处理略显生硬（sc-2, pq-3）"
254,tie,Make the picture seem like it was taken outdoors at food festival,,,,8.0,7.0,7.4833,"背景成功转换为户外场景，但部分细节如旗帜颜色略显突兀（sc-2, pq-3）"
254,tie,Make the picture seem like it was taken outdoors at food festival,,,,8.0,7.0,7.4833,"背景成功转换为户外场景，但光影和草地细节略显生硬（sc-2, pq-3）"
255,tie,Remove the red outline from the skateboarder in the air.,,,,10.0,10.0,10.0,红色轮廓已完全移除，图像质量和细节保持不变（无扣分）
255,tie,Remove the red outline from the skateboarder in the air.,,,,10.0,10.0,10.0,红色轮廓完全移除，图像质量无损（0-0）
256,tie,Remove the cat from under the monitor.,,,,9.0,9.0,9.0,猫被成功移除，桌面细节保持一致（轻微扣分因背景阴影略有变化）
256,tie,Remove the cat from under the monitor.,,,,9.0,9.0,9.0,猫被成功移除，桌面细节保持一致（轻微扣分因背景阴影略有变化）
257,tie,Add a bottle of red wine behind the glass.,,,,9.0,9.0,9.0,添加红酒瓶符合指令，且与原图融合自然（-1，sc和pq各扣1分）
257,tie,Add a bottle of red wine behind the glass.,,,,9.0,9.0,9.0,编辑后图正确添加了红酒瓶，且与原图保持一致（-1，sc和pq各扣1分）
258,tie,"Change the pizza box to a plate of salad with lettuce and plum tomatos; change the man to a white female with long blond, straight hair.",,,,8.0,7.0,7.4833,编辑基本符合要求，但人物的脸部细节和性别转换不够自然（sc-2，pq-3）
258,tie,"Change the pizza box to a plate of salad with lettuce and plum tomatos; change the man to a white female with long blond, straight hair.",,,,8.0,7.0,7.4833,编辑基本符合要求，但人物性别转换不够自然（sc-2），食物替换清晰但边缘融合稍显生硬（pq-3）
259,tie,Change the pizza into an apple pie.,,,,2.0,8.0,4.0,编辑后图未体现苹果派的特征，与指令严重不符（sc-7），但图像本身质量良好（pq-0）
259,tie,Change the pizza into an apple pie.,,,,5.0,7.0,5.9161,苹果片与披萨底结合不自然（sc-2），但整体清晰度尚可（pq-0）
260,tie,Take away the tallest tree from the image.,,,,9.0,9.0,9.0,成功移除最高树木，背景和前景保持一致（轻微扣分因可能有细微痕迹）
260,tie,Take away the tallest tree from the image.,,,,9.0,9.0,9.0,成功移除最高树木，保留了其他元素和场景（轻微扣分因背景可能有轻微变化）