index,task_type,prompt,ori_image,target_image
1,t2i,A stunning tree grows from an asteroid in space with intricate details and natural lighting for a surreal 3D rendering.,,
2,t2i,Calm and fluffy clouds in a serene sky painted in conceptual art style in 4K resolution.,,
3,t2i,A realistic photo shows a smooth-skinned male robot that poses like a statue in a factory.,,
4,t2i,This is a young astronaut in a spacesuit depicted in a smooth digital portrait illustration concept art style.,,
5,t2i,A vibrant cityscape at dawn with sharp focus and bright colors in a matte finish,,
6,t2i,A man enjoys a drink while reading a book in a cozy living room.,,
7,t2i,The sunglasses reflect a stunning view of the universe in a realistic virtual environment.,,
8,t2i,A man riding a small bicycle with a basket along a steep road in the forest.,,
9,t2i,Award-winning beach scene with colorful lights and lanterns illuminating makeshift huts under the night sky.,,
10,t2i,a woman in a white shawl stands in a garden with red flowers blooming around her,,
11,t2i,A toy set inspired by mythical creatures in a fantasy world,,
12,t2i,Spiderweb-covered piano in vast silent hall with soft light creating a somber mood,,
13,t2i,A teenager with glowing freckles and messy hair stands against the light in a whimsical indie studio scene.,,
14,t2i,This painting depicts a serene landscape with vibrant colors and delicate brushwork.,,
15,t2i,African American woman wears turquoise helmet mask and pink cloak in a gold canopy,,
16,t2i,A fall morning was ushered in on a mist-shrouded boulevard under a clear blue sky.,,
17,t2i,"In a serene setting, renowned artists depict a calm ocean under a clear sky.",,
18,t2i,Two mystics gather by a fire as a mythical bird ascends from a distant volcano in a serene landscape,,
19,t2i,A high detail 4k professional photograph of a cowboy in a wild west town scene,,
20,t2i,This is a 1950s game show hyper-realist painting of a woman playing golf in a reflective setting.,,
21,t2i,"A man explores a steampunk-inspired portal in a vibrant, light-colored world rendered in clean vector art.",,
22,t2i,Samurai skeleton with blue eyes in a dark fantasy scene intricately detailed digital painting art concept illustration,,
23,t2i,A serene park scene with brightly colored flowers and people having a good time in harmony in the sun.,,
24,t2i,A serene beach scene with a woman in a blue robe holding a birthday cake at a golden hour.,,
25,t2i,Exoskeletal device malfunctioned at railroad station causing delay,,
26,t2i,Creative anime style illustration of a dog girl with fairy wings and heart effects on a simple background,,
27,t2i,A soccer player kicks a ball in a sunny park scene,,
28,t2i,A classic black and white illustration of a woman in vintage attire,,
29,t2i,A detailed eerie and grim creature in a dark forest at night,,
30,t2i,This is a magical garden presented in a photo-realistic digital painting style with a rainbow of sparkling flowers and soft lighting.,,
31,t2i,"In a futuristic cityscape, there's a vibrant techno-punk alleyway with flashing neon lights and bustling robots.",,
32,t2i,A detailed 8K resolution photo of a well-designed garden in a sunny park,,
33,t2i,A skilled warrior stands in heroic stance wielding a spear in a vivid digital artwork,,
34,t2i,A detailed realistic painting of a musician in an art nouveau style,,
35,t2i,Create a detailed nature-inspired game asset for a fantasy world in a blue and pink toned gouache style.,,
36,t2i,Corn sprouted legs and fled captured in a vintage Polaroid photo,,
37,t2i,"This is a stormy, detailed digital painting with a stormy background by Anton Peek, depicting a Frostbite pirate.",,
38,t2i,A dramatic painting of a woman in Caravaggio style with vivid colors,,
39,t2i,A spaceship launches from a city in a digital art style inspired by Van Gogh's Starry Night,,
40,t2i,girl with flowing hair in ocean breeze scene,,
41,t2i,A vibrant outdoor scene of modern art objects in bold colors and memphis design style in 1920,,
42,t2i,"Detailed photo print of Porsche 911 Carrera 3.2 driving on the highway with forest in the background, golden moment of light and mist scene.",,
43,t2i,A young girl in an eva suit stands on Titan with Saturn's rings in cinematic lighting sharp focus,,
44,t2i,A serene beach scene with soft sand gentle waves and clear blue skies,,
45,t2i,A man dances elegantly in a 1970s Soviet-style ballroom filled with vintage glamor and warm lighting.,,
46,t2i,"Under soft, mysterious lighting, the museum displays a moving sculpture made of clay and marble.",,
47,t2i,Crystal skull in 8k cinematic detailed intricate scene,,
48,t2i,A beautiful street at dusk with wisteria-like purple lights illuminating old houses and super detailed 8K artwork.,,
49,t2i,A detailed 8k sci-fi fantasy film still photo featuring a basketball player in a floral ornate setting,,
50,t2i,Epic patriotic mech in a vast battlefield scene with cinematic lighting and ultra realistic details,,
51,t2i,"This is a close-up photo of a tiger's face taken with a camera, which shows the tiger's face in great detail and high contrast, making it look very majestic.",,
52,t2i,A friendly cartoon dog is featured in Pixar's cozy family scenes.,,
53,t2i,A magnificent estate in a mysterious forest with a lovely garden full of mushrooms and people discussing them under the dynamic art of moonlight.,,
54,t2i,"In one black-and-white photo, an old man collects truffles from the leaf-covered ground next to a pig.",,
55,t2i,A superhero in a city at night with bright lights and shadows captured in a stunning 8k photo,,
56,t2i,"This is a detailed portrait of a beautiful princess by several artists, with a cinematic and dramatic atmosphere.",,
57,t2i,"Kodak Portra 400 film captures a serene fall picnic scene with a sunny Tuscan countryside in the background, with soft tones and vintage charm.",,
58,t2i,Otto worked tirelessly at his computer from dawn to dusk every day without a break.,,
59,t2i,A man and a cat play together in a brightly lit room with soft shadows.,,
60,t2i,Super Mario in Superman costume flying in movie lights with bokeh and lens halo effects.,,
61,t2i,"Awe-inspiring ancient holograms with muted colors, intricate geometric patterns, and gold shards dotted throughout the studio environment.",,
62,t2i,"A small, fluffy sparrow perches in a flower-shaped cup under a warm nightlight, creating a cozy scene.",,
63,t2i,Mandelbrot crystal fluid thin gold wire tendrils ultra detailed photographic octane HD 16k hyperrealistic digital art masterpiece,,
64,t2i,"River bridge in Wuhan at sunset, purple sky in cinematic 8K detail.",,
65,t2i,A serene rural Spanish village scene painted in soft matte tones,,
66,t2i,Evening TV show studio with sofa and women in blue style art by an artist,,
67,t2i,A fit model in futuristic material poses for a simple background photo shoot with lush curls and petite body,,
68,t2i,"Featuring a stylish fox character in a bustling city scene, this is a vibrant and detailed piece of art created just for fans.",,
69,t2i,A shiny apple with a stylish logo sticker is captured in high quality 4K photography.,,
70,t2i,A man with colorful paint on his face smiles brightly in a sunny park with a soft blurred background and a lens halo.,,
71,t2i,Fashion model in serene morning light with deep blue green water reflecting heaven mood in intricate poster art style,,
72,t2i,A man with a detailed face in a dark cinematic scene by an unknown director,,
73,t2i,Hopeful astronauts with blonde hair in a vibrant red and white space scene inspired by art.,,
74,t2i,Gorgeous female in soft lighting captured in high definition artfully retouched by a skilled artist,,
75,t2i,A photo of a happy family in the park taken at 8k resolution on a sunny day.,,
76,t2i,film of oil on water surface shines with rainbow colors,,
77,t2i,A young knight in white armor stands in a gothic cathedral with flowing hair and intricate armor details,,
78,t2i,Muscular cat hunter with weapon in sunlight oil painting by Rembrandt with dramatic clouds and atmosphere,,
79,t2i,Glass greenhouses filled with sun-bathed flowers offer solace in a mysterious ether-punk world.,,
80,t2i,A couple repairs a spaceship interior in low key lighting with hyper real photorealistic cinematic beauty,,
81,t2i,This is a serene desert landscape painting by a popular artist with huge sand dunes and soft colors.,,
82,t2i,A dog tied a man to a pole in a digital painting with smooth sharp focus and cinematic lighting,,
83,t2i,A politician reflects on past decisions in a quiet office.,,
84,t2i,A surreal scene with vibrant colors and dark tones in a triadic color scheme by an unknown artist,,
85,t2i,A classic art style portrait of a woman in a serene garden setting,,
86,t2i,"This is a detailed oil painting depicting a futuristic sci-fi character with auroras, clouds, stars and baroque elements in the background.",,
87,t2i,"In the magical atmosphere of a grand hall, a fantasy character is captured in a highly detailed 8K image.",,
88,t2i,A man in blue sits on a bench facing away observing wall art with musical notes in background high quality detailed masterpiece,,
89,t2i,Majestic dragon roars in snowy mountain range with wings spread in ultra high quality 3D art,,
90,t2i,A witch in a purple cloak casts a spell on a creature against a fantastical backdrop.,,
91,t2i,bold line art portrait inspired by minimalist style with confident curves and soft swirls expressing raw emotion,,
92,t2i,Mushrooms in a forest with sunlight filtering through trees creating a serene natural scene,,
93,t2i,A red fox in a forest at dawn with soft light and shadows in a digital painting,,
94,t2i,People watch rockets launch under colorful clouds in a meadow with a tree.,,
95,t2i,A tiny cosmic phenomenon contained within a glass vessel,,
96,t2i,This is a detailed portrait of a friendly creature with bat-like features against a background of soft gradient color tones.,,
97,t2i,Mushroom vase floats in sky and sea with purple scrolls colorful shells and koi fishes in soft light,,
98,t2i,Friendly light figures dance in a colorful field creating a mesmerizing scene of unity and harmony in art,,
99,t2i,liberal women with unique hairstyles captured in side profile headshots with f3.5 aperture and ISO 100 settings,,
100,t2i,New York City skyline in 1998 realistic digital art by artists trending on ArtStation highly detailed,,
101,t2i,It's a futuristic figure designed by a modern artist who wears a sleek helmet and is covered in wires.,,
102,t2i,"Foggy city streets at night, colorful lights and futuristic cars make for a vibrant urban scene.",,
103,t2i,A futuristic character in a pink jacket and blue suit sits in a chrome vehicle surrounded by dramatic lighting.,,
104,t2i,Summer lake scene with barge reed and clear sky in vibrant colors by skilled artists,,
105,t2i,A beautiful digital art masterpiece of an explorer and his dog hiking in the Arctic.,,
106,t2i,This is a serene digital painting depicting an exoplanet jungle filled with glowing plants and alien life.,,
107,t2i,A quiet meadow owl perches on the roof of a cozy home in a quiet neighborhood.,,
108,t2i,Captivating underwater scenes with magical creatures swimming gracefully through the vibrant ocean.,,
109,t2i,"Vintage 70's school photo of people with quirky eyes and smiles in a nostalgic, slightly dusty frame.",,
110,t2i,A man and woman chat in a medieval-style library with changing lighting effects and an overall blue-brown color palette.,,
111,t2i,A guy singing karaoke in a lively club atmosphere.,,
112,t2i,Two adventurers battle atop a moving train in a gritty industrial landscape under a stormy sky,,
113,t2i,"In a busy city scene, a girl stands at a stoplight with a watermelon in her hand.",,
114,t2i,An Egyptian woman in a diving mask underwater with ocean details by an artist,,
115,t2i,A lone traveler walks through a detailed city street with towering buildings in a futuristic setting,,
116,t2i,Girl walks through daisy field under starry night sky with surreal light and clouds in dreamlike scene,,
117,t2i,A photorealistic DJ in tech wear performs under studio lights in a detailed and intricate setting,,
118,t2i,"Bob Ross creates a serene landscape with digital art featuring a goat in a peaceful meadow, smooth and detailed.",,
119,t2i,A charming goblin princess portrait with a cute face in a magical forest setting,,
120,t2i,A samurai warrior with blue skin wears a haori kimono in a detailed official portrait,,
121,t2i,A serene park scene with soft sunlight filtering through trees creating a peaceful atmosphere for a quiet stroll,,
122,t2i,"Epic, photorealistic 4K portraits with cinematic lighting and detail, created using Unreal Engine 5.",,
123,t2i,"In 1920s American painting, a mother's tears evoke a moving family moment.",,
124,t2i,Ultra HD natural photo of a person wearing colorful clothing and playful makeup in a lively holiday scene.,,
125,t2i,A cute space cadet girl with elegant freckles and open eyes in wonder in a realistic anime style scene,,
126,t2i,New poster shows beige background with brown designs white text at bottom modern minimalist art by Di Cavalcanti,,
127,t2i,Specter appears before a chapel at night with soft glow and vintage film effect,,
128,t2i,"This is a detailed illustration depicting a young archer in a vibrant forest setting, brought to life by soft lighting and exquisite detail.",,
129,t2i,Orcas build an underwater city using coral and rock in a deep ocean environment creating a unique marine habitat,,
130,t2i,A beautiful lady in a sparkling gown at a glitzy event.,,
131,t2i,It's a serene garden scene with brightly colored flowers and lush greenery in soft pastel shades.,,
132,t2i,A magical forest where dinosaurs roam peacefully alongside humans in a whimsical world,,
133,t2i,A silver pocket watch lies quietly in a peaceful woodland pyramid valley with a softly blurred background.,,
134,t2i,"A beautiful young queen stands in a symmetrical, surreal galactic scene wearing an elaborate Art Deco gown.",,
135,t2i,A pirate with a sharp face stands on a ship in realistic lighting,,
136,t2i,Pirates battle a giant worm in a dark fantasy scene with high detail and cinematic atmosphere in a film still,,
137,t2i,Two monkeys examine a red rotary phone on a sidewalk in a detailed realistic 4k masterpiece scene,,
138,t2i,a somber image of an aged clown with cotton candy hair and paint splashes evoking sadness,,
139,t2i,Family in a vibrant garden under the sun,,
140,t2i,a woman in white dress gazes at camera near fence,,
141,t2i,Astronauts take selfies in a futuristic spaceship with glowing infrared lights and intricate spacesuit details.,,
142,t2i,Actor in costume holds a glowing sword in a dark room,,
143,t2i,A majestic creature in a vivid oil painting style blends shark and jaguar traits in ultra high definition,,
144,t2i,Claymation camping scene with happy bushbaby family barbequing playing toys in detailed Wes Anderson style setting,,
145,t2i,A vintage nature photo with 70s colors and film grain effects,,
146,t2i,"Here's a real photo of a Lisbon convenience store in 2022, with striking architecture inspired by the Alphonse Mucha style.",,
147,t2i,A knight in armor stands in a dimly lit castle hall with dramatic shadows and vivid colors,,
148,t2i,A person holds a bowling ball in a fun pop culture scene,,
149,t2i,A peaceful park scene with people enjoying a sunny day.,,
150,t2i,"It's a vision of the city of the future, complete with streamlined skyscrapers and bright neon lights that illuminate the streets at night.",,
151,t2i,Modern city park with sleek design glowing in golden hour light rendered in 8k detail,,
152,t2i,Astrophotography captures galactic nebulae and space clouds in ultra-high-definition 8K ray-traced realism.,,
153,t2i,Steampunk figure with goggles and auburn hair in digital art style popular on art platforms,,
154,t2i,A young woman with green eyes and pink braids in a softly lit room with smooth focus art style,,
155,t2i,A futuristic robot artist creates stunning vector art in a sci-fi studio setting with global illumination effects,,
156,t2i,Traditional Japanese art meets futuristic cityscapes in a vibrant digital world.,,
157,t2i,An astronaut explores the serene lunar landscape under the stars Digital Artwork,,
158,t2i,Futuristic solar-powered punk city with modern architecture and vibrant city life under stormy evening skies.,,
159,t2i,This is a detailed digital painting by multiple artists depicting a male warrior in armor and helmet.,,
160,t2i,Futuristic toys captured in ambient environments are presented in detailed black and white ultraviolet photographs.,,
161,t2i,It's a nighttime cityscape with vibrant colors and futuristic architecture in a busy urban environment.,,
162,t2i,A nostalgic biomechanical mouse in a vintage mask wearing a robe stands under a giant flower with dramatic lighting in the background.,,
163,t2i,Shining blue forest with glowing foliage tall trees hanging vines and moss in a mystical scene,,
164,t2i,Astronauts enjoy a sunny day relaxing on a Hawaiian beach in a high-resolution 4K nature photo.,,
165,t2i,Forests and grasslands mingle in the serene landscape.,,
166,t2i,Toyota Celica turbo at night in Shibuya with detailed wheels and cinematic colors in photorealistic style,,
167,t2i,A bustling city square filled with people enjoying sunny weather,,
168,t2i,A workshop with colorful gears and steam pipes by a glowing window in 1950s style high detail digital art,,
169,t2i,A stunning sunset scene with warm golden light illuminates a peaceful park where people enjoy nature together,,
170,t2i,A princess in vibrant attire with intricate facial features in a fantasy setting,,
171,t2i,A superhero stands next to a politician and observes a famous clock tower in London.,,
172,t2i,A spaceship explores a vibrant biomechanical alien world of colorful creatures and swirling water vortices.,,
173,t2i,One admires a majestic statue in the serene desert as the sun sets and the sky takes on a dreamy coral color.,,
174,t2i,A DIY guide for beginners with clear illustrations and written instructions for assembling storage bins.,,
175,t2i,WLOP's epic digital painting concept art released on ArtStation in official 8K UHD media is catching on.,,
176,t2i,a minimalist laughing skull enamel pin with fire flames in a vintage style high definition concept art,,
177,t2i,This is a heroic adventure poster showing a thrilling rescue mission in a busy city night scene.,,
178,t2i,a fluffy squirrel with cute fur in a forest scene,,
179,t2i,Two musicians meet on stage for a handshake in a concert hall,,
180,t2i,A couple explores a foggy night park by moonlight in a 2018 movie-style scene.,,
181,t2i,A detective goose in neon dystopia core fights apocalyptic warriors with sharp focus and cinematic lighting,,
182,t2i,Celestial gardens with stained glass windows and hanging plants in a whimsical ethereal setting with godrays and soft light,,
183,t2i,A man in a suit holding a Polaroid in a formal setting.,,
184,t2i,"Astronauts enjoying music on Mars, a vibrant, detailed and colorful digital painting in a smooth, high-definition and semi-realistic style.",,
185,t2i,"In one digital illustration, a grand fantasy figure stands in dramatic light with intricate and exquisite detail.",,
186,t2i,"This is a portrait of two women taken with natural light, their facial features are rich in detail, their faces are symmetrical, and the image captures their halves.",,
187,t2i,A scientist in a video game lab experiments with chemicals to create new weapons for players to use in battles,,
188,t2i,A smooth digital painting of a fantasy scene with intricate elegant details in sharp focus art,,
189,t2i,vector patterns are beautiful and intricate designs in art,,
190,t2i,Eagle view captures joyful crowd embracing in unity,,
191,t2i,a skull in a cowboy hat on a starry night sky backdrop,,
192,t2i,A detailed anatomical illustration of a human heart rendered in Unreal Engine 5 trending on Flickr,,
193,t2i,"Humanoid male bear in Delta Air Lines pilot's uniform, stylized by the artist in detailed soft light and rendered in Octane.",,
194,t2i,A stylishly dressed woman walks across a foggy cityscape in high heels under movie-like lighting.,,
195,t2i,girl riding a motorcycle in a cityscape at sunset,,
196,t2i,"This is a stunning digital depiction of a Roman chaste woman, with sharp focus and fine detail in elegant light.",,
197,t2i,Witnessing a breathtaking sunset over the ocean with stars twinkling above painting by Karel Thole oil on canvas,,
198,t2i,Masquerade mask princess in a grand ballroom with elegant guests and shimmering chandeliers,,
199,t2i,"This is a full-body portrait depicting a superhero in steel battle armor, featuring cinematic lighting effects and highly detailed depictions.",,
200,t2i,A witch with black hair and a blue and gray fantasy costume has gone viral as a 4K art piece on ArtStation.,,
201,t2i,"A curly-haired woman dances joyfully under the spotlight, wearing a pink and blue costume and a joyful smile on her face.",,
202,t2i,"In a serene forest scene, a blue-skinned alien in tights transforms into a bird through the magic of nature.",,
203,t2i,Please provide a clear prompt so that I can make appropriate rewrites and adjustments.,,
204,t2i,Fall leaves gently fall in a serene park scene.,,
205,t2i,A dancer performs on a vibrant stage in a colorful remake of a classic film,,
206,t2i,A boy in a protective suit carries a glass backpack with plants through a smoke-filled cityscape.,,
207,t2i,Steampunk style giraffe robot in a serene Japanese garden scene.,,
208,t2i,Elegant fox head torch holder in smooth digital art style with sharp focus and intricate details,,
209,t2i,Elegant digital artwork of a woman with flowing hair in a serene garden setting,,
210,t2i,Explore vibrant art styles blending surrealism and realism in a bustling cityscape,,
211,t2i,a simple drawing of a generic banknote in a realistic style,,
212,t2i,A girl with short hair jumps for joy on the beach at Cape Agder on a sunny day.,,
213,t2i,"This is a stunning mosaic artwork, presented in the style of Alfredo Candelares, with a realistic and detailed composition.",,
214,t2i,Elegant luxury logo for Nano a cosmetic audiovisual production studio,,
215,t2i,A socially awkward robot on a movie set in a cyberpunk world.,,
216,t2i,Elegant steampunk figure in brown blue dress poses symmetrically with detailed eyes in spooky middle shot scene,,
217,t2i,Girl strolls through mid-century hotel with symmetrical decor in vivid hues and fanciful details,,
218,t2i,This is an illustration with a detailed background depicting a clear portrait of a hero in a dynamic pose holding a katana.,,
219,t2i,A lovely anthropomorphic character in a green foggy scene with delicate and elegant set design and dramatic lighting effects.,,
220,t2i,"A realistic painting of a sea turtle sleeping near a spacious attic filled with historical artifacts, seen from a low angle.",,
221,t2i,Look up at a towering tree from below in a dreamy digital art style.,,
222,t2i,"In the year 2044, a futuristic engineer wears a streamlined helmet with glowing wires and a high-tech visor as he works in a vibrant space station.",,
223,t2i,A knight in golden armor holds a shield and spear under god rays in a sacred magic filled scene,,
224,t2i,"Cute anime girls in beautifully detailed and realistically shaded steampunk armor in a bright, cheerful environment.",,
225,t2i,It's a serene digital scene as children sit on the grass and watch serene spaceships float in the sky.,,
226,t2i,"A man standing in front of a white background, rendered in the fantasy art style popularized on ArtStation.",,
227,t2i,A king and queen in a bright desert captured in a detailed studio quality CGI art shot,,
228,t2i,"In a colorful digital art scene, a friendly basketball player encounters a giant friendly monster.",,
229,t2i,"It's a moody outdoor photo showcasing lush, dark plants with details that glow in rich, dark colors.",,
230,t2i,"Vernon, a discreet hacker in a headset undershirt and jumpsuit, travels through a brooding industrial cityscape of realistic proportions.",,
231,t2i,This is an 8K resolution digital painting depicting a woman in a fantasy costume standing on a cliff overlooking a forested valley.,,
232,t2i,"A photo of a comedian with lots of detail, popular on ArtStation, with a bokeh effect, taken with a 90mm f/1.4 lens.",,
233,t2i,Minimal acorn transforms into treble clef tree with vibrant colors and inspirational power in high resolution clarity,,
234,t2i,A child expresses joy in a playground scene,,
235,t2i,High quality portrait art with intricate detail and cinematic shot style trending on artstation,,
236,t2i,a young woman in a floral dress stands in a sunlit garden,,
237,t2i,A girl enjoys a bowl of ramen in a cozy cafe with soft lighting and rich details.,,
238,t2i,A detailed 8k render of a stylized character in dim lighting with intricate details and epic composition,,
239,t2i,dewdrop glistens on soft flower petal in morning light,,
240,t2i,Large spear-shaped spaceship concept art by an artist in space exploration museum,,
241,t2i,A student in a modern school uniform stands in a classroom learning diligently,,
242,t2i,8K surreal digital artwork of a dragon holding a glowing sword in a fantasy forest scene.,,
243,t2i,A student in uniform dances gracefully in a well-lit classroom with soft shadows and detailed artistry,,
244,t2i,Fashionable woman in boho style sits at night under red light with thunder clouds in sky,,
245,t2i,A serene landscape with a smiling figure in elegant attire amidst nature's beauty in soft light,,
246,t2i,This is a beautiful flat vector artwork depicting a moon in blue-violet tones on a black background.,,
247,t2i,Children playing safely in a sunny park with colorful balloons and happy faces,,
248,t2i,A lady with a fantasy art style inspired by popular video games and artists.,,
249,t2i,Screenshot of a character in a video game talking to another character in a post-apocalyptic setting,,
250,t2i,A girl in blue and yellow holds a flag facing a distant ship under moonlight in a steampunk scene,,
251,tie,Paint the background as the Bund in Shanghai,fb81398d8c0b47b088f0bb3f6cc95902.jpg,
252,tie,change the color of shirt to gray,f06685fcc15046aca726288ea996ddf9.jpg,
253,tie,Transform the image into a retro aesthetic.,4546a3a41eb9483b8082d16739cab3c0.jpg,
254,tie,Make the picture seem like it was taken outdoors at food festival,e387afbd7af44831a56cce88e328be30.jpg,
255,tie,Remove the red outline from the skateboarder in the air.,c2e6fdf24d9646c3acdd3765235e777b.jpg,
256,tie,Remove the cat from under the monitor.,42119230876347f3ab8547a280bbd47a.jpg,
257,tie,Add a bottle of red wine behind the glass.,55646b2dc5284fef8d81f456dc08e05d.jpg,
258,tie,"Change the pizza box to a plate of salad with lettuce and plum tomatos; change the man to a white female with long blond, straight hair.",a7f41f206c2348059b56bdf1983622db.jpg,
259,tie,Change the pizza into an apple pie.,4d4b6ae1568645e1b958e9629e4d0876.jpg,
260,tie,Take away the tallest tree from the image.,2ea6f3a0f3fa407ebd6c75f35124f869.jpg,
261,tie,Help me get rid of the background.,ccbb99bd494946f99597e9d07237f345.jpg,
262,tie,Add some snow to the background.,7f9d734c66e54fb8b9b6fc0be7224997.jpg,
263,tie,Change the background to the entrance of a Japanese shrine,a52757ec2978429f9177126d0ec16c81.jpg,
264,tie,Remove the cup with the pink drink,e8b979b0d4b3479293c843e6212d8a96.jpg,
265,tie,Remove the beard and wrinkles from his face.,62ae40ed9cbd4edc878ba997e4d6cb5b.jpg,
266,tie,Close the umbrella that the woman is holding.,a0e4f10cb93c4ca0bc1dd4bffbb6b680.jpg,
267,tie,The wheel of the back tire of the bike should be dirty.,04b5bc25acc8410c9a4a9e2b5fc3ba76.jpg,
268,tie,Remove all the post its from the photo,5c734cbbb78945ebac06da6436d36b19.jpg,
269,tie,Body color changed to blue,d6e4b4ce3bc8467eb630022484affc88.jpg,
270,tie,turn the street light into a flag pole,e040422c8bf64a2bbcfb71b4d351868a.jpg,
271,tie,Add a cheese grater near the coffee maker.,e54e9cd85de64298820d40a36356b85d.jpg,
272,tie,change the frisbee into a lead anvil,13d84c8e5b3a4a118853418711933c1c.jpg,
273,tie,Edit the image so that the child's face is clean.,3b428760f9f142ac9c9bc23dc35e5857.jpg,
274,tie,Remove the blue skis that are next to the snowboard.,3156ae9f36e148ccae9bd2ae12e6eb11.jpg,
275,tie,Change the green leaf on the top of the front object to a toothpick flag.,1ac95c0e449d4798850e273b3f5b17e0.jpg,
276,tie,turn the cow into an orange kitten,4588920f809a44b9b2b3cf5d09acf66b.jpg,
277,tie,Make him grow long hair,d8fb6b34f8be4ce884ddf72e89e353ec.jpg,
278,tie,Remove the boxes from the photo,6e9975d4e0d5417f8371c4dd1c1c463c.jpg,
279,tie,Change this image to a Pixar style with a background of a vibrant spring park while keeping the character unchanged.,e4952042183143d38f816a56524f9749.jpg,
280,tie,Make this in an elegant restaurant,3e2a1701e0a84d7890cb2e69efb50cec.jpg,
281,tie,Make the room seem like it is on fire.,08c43cbe285f40a3a59e3e2dd18abe76.jpg,
282,tie,Add an advertisement to the wall behind the camera man.,18cf7fa0a3dd45c0b3d37109ba22fed6.jpg,
283,tie,"Can you Photoshop a girlfriend for me? Sitting alone is boring, and I’ve already left space for her.",66865d86cbe94116ba574eebe9235fbe.jpg,
284,tie,Change the background to a city street.,110ec477456a4d58bda9535c76be7dde.jpg,
285,tie,Please make this picture into a handsome Korean man.,9e272b59b82a44079065958e3cb7253e.jpg,
286,tie,Change the cat to an armadillo. ,10c44c3bed3b440d81005e320f5b6cba.jpg,
287,tie,Remove the cows from the image.,e3e0c577ec80419e99e15a6cb01e81a3.jpg,
288,tie,Replacing dogs with robots,02c80f656344431cbf6174bc057d145e.jpg,
289,tie,Photoshop this photo to make the person more handsome.,acdd3cfc5d884d37a6b98e88e6cc008a.jpg,
290,tie,Remove the printer from the shelf under the laptop.,d2e0f2fcdc994926804fd54637ca7e3a.jpg,
291,tie,turn the players bat into a turkey leg,2b2bd0bd568b4a2abff9b5f1f616ba86.jpg,
292,tie,"Make his skin smoother, no wrinkles",2bfcdeb3b584430e938299c361cafef3.jpg,
293,tie,Remove the person from the top of the boat cabin.,96f2a3e6cbc44561bb240d35133d56bb.jpg,
294,tie,Add a shark to the water.,503b1bc19a864b27b5f82336c702c628.jpg,
295,tie,change the tent into a floating UFO,2fab9ed4b4214c4abc86d89638443e85.jpg,
296,tie,Add a pair of sunglasses for me. Something cool.,efb7b89e1eb94d00b2ef7d193d0cf2ce.jpg,
297,tie,Add a grasshopper in the grass.,4ecc4e6dff924224a8b76c420067e0a5.jpg,
298,tie,Add a lifeguard station behind the people.,d46cae5eace24289a48b9b6918614802.jpg,
299,tie,Replace the person in the mirror wearing a white shirt with a wardrobe.,153c54b72c504cb685ec6e73422c6340.jpg,
300,tie,Change the fork to a knife.,141cb3b6fa224e429fafa98e278c29c2.jpg,
301,tie,Add a robot walking down the stairs on the right stairwell. ,37bf2cedc6c545bd830e0cb2fd110814.jpg,
302,tie,Remove woman,336e1df11dcb44719f8d7bcce5242b5c.jpg,
303,tie,Remove the cat from the image.,b18e02cb01784a978149a88106b66bef.jpg,
304,tie,Remove the cat from the sink in the photo.,f9159d6c5dbd4a308a68dd3d0abd4c8d.jpg,
305,tie,convert the image into a photorealistic image.,d17b8f06838240aeb463dd4e11b1980c.jpg,
306,tie,Get rid of the last train car.,ec7713b28cf54232adc6b3459aea70ff.jpg,
307,tie,Overlay the ground with small white flowers.,e85a978f557f474d8cee6563cc5b644e.jpg,
308,tie,"Remove the number ""892"" from the front of the bus.",64a2a5c5d1a347daaa67ce54ab725682.jpg,
309,tie,"Help me change this avatar, blue color, keep the content",cb566a018c8148b3b8c7ac3c53bc0cc8.jpg,
310,tie,Remove the person from the image.,906aaaf953cd41b9ae374849e38bca10.jpg,
311,tie,Removal of freight trains,6156a5a0918348ea80fa2416d88e96b1.jpg,
312,tie,Add a gazebo near the rocks,77103701589846c39731aa688813e2f9.jpg,
313,tie,Replace the tennis racquet with a table tennis paddle.,4f5bf53af97248b4aaff799bbfdbd912.jpg,
314,tie,Replace the broccoli with green pepper slices.,76c5d744f1ba45fcab51754cb70a5115.jpg,
315,tie,replace the person's clothes with a police uniform,c9ff2f6413ce4d6b940a42421f832ad5.jpg,
316,tie,Get rid of the brown toy that is in front of the cup.,bfc05b8f356f464f9da0a8687d6af091.jpg,
317,tie,turn the grocery sign into a liquor store sign,490c579dbc824bd3a879ede004ba71c2.jpg,
318,tie,Turn the bag stand into a glass counter.,b07ba61f9bcb402f9bb34e4ed7b0617d.jpg,
319,tie,Make the boy have a shaved head.,a6795503282548f69885340e93f8f147.jpg,
320,tie,Make the room look like it is on fire.,f8d3efbbce1d441988cbe6231be81418.jpg,
321,tie,Add strawberries and bananas to the red bowl.,974bc937522047b28af80a58d5d70b68.jpg,
322,tie,Replace elephant with giraffe,9b9e6c1b0b5f46cfbdedd7247575e031.jpg,
323,tie,Change the tablecloth color to bright red,1397eecdf4a24c5aaa64982546254909.jpg,
324,tie,Make the photo seem like it was taken on a movie set.,8cfebeb5c6cd4ec08a4cd0adee925b57.jpg,
325,tie,On the hot dog remove the chili. ,062434f05a3f47d488e6ff6707dbcc4b.jpg,
326,tie,Add a spoon next to the bowl,e12ea390e8464fc6a4106afa589a7d65.jpg,
327,tie,turn the chair into a stairclimber,ae29b435305f4bdba446f619491ae11c.jpg,
328,tie,Delete the blue trolley from the image.,1ee9c4c996284bbeb49fd3278ff71db0.jpg,
329,tie,Replace image style with fantasy art,92fd3859f59a4c969d594322047dbc4d.jpg,
330,tie,Remove the eyeshadow and lipstick.,243e1a7da40840d898f1989b254b102d.jpg,
331,tie,Change the doll’s material to cotton fabric.,acab5585a1b04dbc8d9e9989e38ba882.jpg,
332,tie,Adjust the image style to a bubble-like aesthetic.,8a8ec07f87784979a0bb1349b6c380f3.jpg,
333,tie,Delete meatloaf,531ca831c484428280f335e40390fe79.jpg,
334,tie,Get rid of the shadow of the covered area.,0bf3a6576e4848d0afbdb7fa4bbc2d86.jpg,
335,tie,Delete the two engines from the airplane's wings.,baba2da5a39b49679299ca0369ff9056.jpg,
336,tie,Replace the green cup and its light-colored saucer on the table with a pen holder.,babc524ea15a4e108fdf100e7eceb414.jpg,
337,tie,Remove the striped black and white tie the man is wearing in the picture.,4a0e26a499484e4e8c86316331b157fa.jpg,
338,tie,Take the cell phone out of the picture.,9d5c25c90732443ba17fa32ef4834276.jpg,
339,tie,Make the scene seem like it is an outdoor flea market,a987901d75b24e2181c2a9b12a4bff85.jpg,
340,tie,Get rid of the white polar bear walking on the rocky soil.,fd05e9591ae744b4979b3fafcbe1fe10.jpg,
341,tie,Change the sign into a stop sign.,0e71931c544c4c1da0ef8a202427da94.jpg,
342,tie,Add a person on an innertube floating on the river.,19bd34b60266431fbb44da5f56493940.jpg,
343,tie,Change the bowl into a styrofoam one.,1e92a5b916904b33bf54f073b1a0c5e7.jpg,
344,tie,Construct the elephant from bricks.,91b4ebc8117f47c99a1b8736a53e8504.jpg,
345,tie,Make the photo seem like it was taken in a hotel bathroom.,6b8c797e2e254247a8fdece6f9901188.jpg,
346,tie,Change the grass to sand,08247d18266747279c96242df1598dfe.jpg,
347,tie,Remove all the grass. ,7894668fb31b4929865576808e09e6be.jpg,
348,tie,make the person show slightly sad facial expression,24bc41da14a94f2d956d12865e72aff9.jpg,
349,tie,Make the person sit on the other side of the bench.,9db0739fa79a412fa68796f8f2fc460c.jpg,
350,tie,Dye her hair brown.,d79c76629ee8421b8eed2c267f87de2c.jpg,
351,tie,Have it so that it's sunny outside. ,00477d219d8d480fa78380405b0e7480.jpg,
352,tie,remove the pizza,7531349946354e4d80a421f1f35cff4f.jpg,
353,tie,Get rid of the white and yellow snowboard stuck in the snow on the mountain.,63e17a281ac34e18a950b34dc559ee7c.jpg,
354,tie,Getting a thumbs up from a picture character,2c69b68d2e4c4400b16e66e3da283adc.jpg,
355,tie,Make the picture seem like it was taken at night,9eeef6dae82b4ca39287e33ba4500798.jpg,
356,tie,Generate an image of the character smiling based on this photo.,d3774e136a514d2aa7f9b7ccdf9b8c8a.jpg,
357,tie,convert the image into a Chinese ink wash painting style,095786a544e8494c97af5b1097df41c2.jpg,
358,tie,Make the picture seem like it was taken at night,12db395aaac24933ad77a299eff83f77.jpg,
359,tie,Add a black short-sleeved T-shirt to the upper body of the person.,2617b2d2c9e24b96b008cc91c1d72e97.jpg,
360,tie,Turn the image into a cute chibi style illustration,4acf5e0fa76c4d1cafe8b7902f49dc51.jpg,
361,tie,"Add clothes to the person in the image, make their gaze slightly disdainful, and change their posture to a crossed-leg position.",ebfc1672cf944165b96e082ce2385dcf.jpg,
362,tie,Change the background to a spring park while keeping the person unchanged.,ffb7309ca7664e58817d6b89cb66297b.jpg,
363,tie,Add a pair of white shoes on the floor,aa8136bbaeae467795d4eca70775ef52.jpg,
364,tie,Remove the tv on the left from the wall. ,aebc8d607c2d487fb9f0f8f31c5c2dca.jpg,
365,tie,Add a Christmas wreath to the middle window.,a01812b81d9c4752807dda871101f56d.jpg,
366,tie,change the color of goat to yellow,ae0b62ea61f6460cb4f7f3bd2405fac2.jpg,
367,tie,Make it look like it is sunny weather,d6db443c7a2245c988b702d64245361a.jpg,
368,tie,Add a spatula picking up the food,dc4bb91cc0b8472f99f54f58a5066ed0.jpg,
369,tie,Add a luggage rack to the red car,807fe403191841f8b613b2f781cb1f02.jpg,
370,tie,Get rid of two of the three lights.,57603a864a5c487292ccd9a32d8bd0a0.jpg,
371,tie,Change the image so it appears to be easter.,df577c6648dc42808bfd50646eaaa841.jpg,
372,tie,Add a blue rug on the floor below the man.,16589af7115241dfb37d980f9677c0ef.jpg,
373,tie,Light the candles for me. Add a little candlelight.,1ab50f0546ce447f9902927c9bcce795.jpg,
374,tie,Add a cat on the counter top.,be0a9e9035334b8ab16e5b2938f153dd.jpg,
375,tie,Remove the girl from the window.,ae574d5922cf42edb9b163ffb6d83c3d.jpg,
376,tie,Delete the roll of toilet paper hanging off the wall.,6312262d002742f19fa8c22fc0f032b6.jpg,
377,tie,Make the picture seem like it was taken during the fall,7b0b01a177a74f7abedf0b5c03485178.jpg,
378,tie,Turn all the stickers on the refrigerator upside down,2e1384a7cc8e468a83e40e68f07fdf58.jpg,
379,tie,Remove the sprinkles from the donut closest to the camera.,e167bfabbe224f02b20cc99badb0eb3d.jpg,
380,tie,add a tennis ball flying towards her,e07e6ea4945d4b988f2f9f060de22e1b.jpg,
381,tie,Add a blue BMW to the driveway.,5b89b68dc2c34687a067df8b31a5ad43.jpg,
382,tie,"Please remove the woman on the outside of the car and keep everything else, then re-export the picture to me.",c386cb827eb046eba5792f77b9fc3492.jpg,
383,tie,Replace the crystals in your child's hand with glowing square boxes,b5b62b139c984048aacc4331d0f16865.jpg,
384,tie,The people should all be standing on the left side of the yellow lines.,dc09c1b6b9af4f8e9f3243d137180318.jpg,
385,tie,include a table with a plate,cd95a90bb27d4265ba705c4c43b7aca7.jpg,
386,tie,Remove the hood above the stove.,2957dfe760574a72be9032de54e18fe3.jpg,
387,tie,Add a green stocking hat to the cat's head. ,1bfc3f1cf15a4ba0ad460acdf1911b82.jpg,
388,tie,Take the Apple logo off the mouse.,662b56684a714194baa0468cd66a9bc0.jpg,
389,tie,Add a knife to the center of the clock. ,951d93542508497695e067063ef1562a.jpg,
390,tie,Remove the music stand and sheet music from the stage.,8c60a8304a9a4859a9245c9577d7595f.jpg,
391,tie,Remove the people from the background,d81b303338f74bc2ae6993952942e19a.jpg,
392,tie,Remove the hat from the head of the person at the front right of hte photo.,46d4bd0680074ae6b4b5697c82863aa1.jpg,
393,tie,Add a baseball on the counter,0bd573f99c9242148acb6437498eb1a9.jpg,
394,tie,Make the photo seem like it was taken during a snow storm.,7b4ad21e8fa7499aacdecc2b4a6f6a69.jpg,
395,tie,Add a black hat on the man's head,ad18bd77771142deb25fe9ea454efcc5.jpg,
396,tie,Fill the room with a large family,cac2003fc665451590f49efb27492d99.jpg,
397,tie,convert the basket to a green bucket.,f8f39377ae8343afa4bf0cc7b66ceadb.jpg,
398,tie,Change image style to bubble style,f128c8c5f0be4276a5cce1b3fe585188.jpg,
399,tie,"enhance the face, natural and attractive",25f71f7fdca440aeaec7eaca28bd8269.jpg,
400,tie,turn the long grass into brown hay,bdf5b3aabd7f48bcb03b7ca0b18d9dfe.jpg,
401,tie,Add leaves to the trees.,c1a03bcb30a84dcaa8c999c6857d3bb3.jpg,
402,tie,Make my face look better.,73115ddf5eaf46b59157a74faa95dd7a.jpg,
403,tie,Makes the person in the image look younger.,703cbf59806f40e39952e8b74a3f08a4.jpg,
404,tie,Change the notebook into a document folder that says classified,3f6eefd3063f48179836ceed9ff3a6f5.jpg,
405,tie,"Add a young Chinese woman next to the character in the picture, with a bright smile, pure type and natural form, the character in the picture is not changed",46c6d36d57bb4cd8a5b1380483e2ec53.jpg,
406,tie,Adjust the background to a beach.,2fb9d8cbd4f6488ab17282d36511f31d.jpg,
407,tie,Create a rubber-textured turtle identical to this one.,98d29f4968ab4f6183103aa06c143cd9.jpg,
408,tie,Enhance this photo to make me look better.,74e0b77ee70c456e94309e37482848ee.jpg,
409,tie,Add a Darth Vader Poster to the wall.,e3a613ce3ab146f5b4a6c7691565d895.jpg,
410,tie,Change this image to a white background.,a859bacd88414852a6852bda0ec6fff8.jpg,
411,tie,Make this into a wedding cake,7489fec22f0f44c9ae43a51e27bb798a.jpg,
412,tie,Remove the cat from the top of the tv,7dc51bfe1fab405fbb63eca370b683a5.jpg,
413,tie,Remove red dumbbell,ba035d0be5724c7bad5e49d891b6c0f5.jpg,
414,tie,Add a bowl of oatmeal to the table.,9d9552d83c80453c84ed2a35bd8bc9c5.jpg,
415,tie,Add a bowl of fruit to the table.,52911dfcedf14259af165b458014140b.jpg,
416,tie,Insert a doll on the ground in the background.,1dc08e85783f463799e329a664aceee5.jpg,
417,tie,Change the color of the frame to orange,eb7a74c6c2e543638b8142e6c6345c1f.jpg,
418,tie,Remove the picture from the back wall of the bathroom in the image..,1ec2dfefaa9c4768a958bb26542749f9.jpg,
419,tie,change the firetruck into an ambulance.,1824adb463ea46899b285237a2480d5d.jpg,
420,tie,"enhance the face, natural and attractive",c251e1abab4c4276881bd0396ba5836a.jpg,
421,tie,Can you add penguin eyes to this picture?,c3e2e28d08a94872ba71b6c8f2d0626c.jpg,
422,tie,Have it be rainy and wet.,730d542ef6074faa87237d1e46dcb06b.jpg,
423,tie,Get rid of the large trash can behind the young girl.,ed65b743eea94d72af05ac33b5972f93.jpg,
424,tie,Delete the tennis racket leaning on the bench,43896829aba94d918ae1548bb22994c3.jpg,
425,tie,Remove the bicycle between the two people.,8233c308929d43ddb6c2ec98bc23c036.jpg,
426,tie,turn the grass into the ocean,7dca8f4da753412bbe486737bfbddd8a.jpg,
427,tie,Replace the baby with a puppy.,8d6f2323dd3849d4ad73af40120447c0.jpg,
428,tie,Delete the white railings,4ffefad9f5674f8e9c97215828fc19dd.jpg,
429,tie,Add a green blanket on top of the dog.,8db2197462cb4fe480337fbbf09db7d6.jpg,
430,tie,Generate my adult appearance.,47f1e79b1a85471d9013b013459f9228.jpg,
431,tie,Remove the cheese from the hot dog. ,1d775485af1e4ba1ab435f0ebbc4844f.jpg,
432,tie,Make the photo seem like it was taken during a rain storm.,a0264e93cc354c49bba9a13de40c36b4.jpg,
433,tie,Adjust the image style to a watercolor effect.,95074075131e4877bf1ca7fb95c339e1.jpg,
434,tie,Get rid of the spots on the banana.,3a20ad1fa7194f51984b0371be33feda.jpg,
435,tie,Rendered into Pixar Animation Studios 3D textures,38ed8dc7a66842d5ba9a3fd41e5f4939.jpg,
436,tie,change all the colorful sprinkles into grains of kitty litter,8a4be536ceb84bdbac4882705fda8afb.jpg,
437,tie,Get rid of his beard.,461af439c9854276a0e7b9c3712831c7.jpg,
438,tie,Repainted in the Monet style,d02d4c2f979145d69c98da3bbb98b815.jpg,
439,tie,Add a lion next to the elephant.,f069230897c6411d8379a504026c3e98.jpg,
440,tie,Insert a white cat sleeping on the seat of the red motorcycle.,5455daad791a488ca9dc09e2330179fe.jpg,
441,tie,Add a pink toothbrush to the counter,aafceeb55d8448d184bb5dae3765a216.jpg,
442,tie,Transformed into Japanese anime visual style,de5abfd288c744d8b81519954f0c3c93.jpg,
443,tie,Add bleachers behind the fence,3115506e96c049f0925a8e291a686790.jpg,
444,tie,Put a white plate on the counter. ,9ef6dffb5ce94f098180d07f5f0e3b84.jpg,
445,tie,Add a man walking next to the other man,426b60e6fc90461d8b90d72b70dc6ca1.jpg,
446,tie,make it lighter outside,860a35c293ea42b994d11690e3ea7e26.jpg,
447,tie,Remove the knife from the photo,6f63b388cb764c7fa70da468db6068fa.jpg,
448,tie,Remove the building from the image.,1a2ad142801b4380bac7d4e2c6645c82.jpg,
449,tie,Add a bottle of ketchup to the table.,e5ca5d5d5df74975b32f9366d5db6f81.jpg,
450,tie,Add a plane in the sky,8c7cd38dacf24442b5ab7b7c9d188941.jpg,
451,tie,Add a butterfly fluttering around a cat,c63789e989c14fc5b0ca1d7bb5eb9b12.jpg,
452,tie,include a butterfly landing on its mane,c58c9fcc19d94cad95f3e7ba4642e1b6.jpg,
453,tie,Change the white bench to one made out of wood.,30a67581784e4a74885814055570657f.jpg,
454,tie,Add a hot pink mohawk to the mans head.,4194c0af52db492aaeea5af7f7570aeb.jpg,
455,tie,Add a small teddy bear in front of the book. ,1a7fa832024d48ee92b1f6b5b38b42cf.jpg,
456,tie,Add a bench bu the tracks ,0cb463ee5ab14319b6ed5d999d5592ec.jpg,
457,tie,Add a basketball going through the net.,0b624c6a27b8422080de620ed08ef901.jpg,
458,tie,Replace the ram in the very forefront with a medium-sized sheep dog.,f42c674c858b4955801ab08e5d46845b.jpg,
459,tie,Add a stop sign in the back of the photo,d5aa549121bb45919ab3e0b73857b4ba.jpg,
460,tie,Add a man riding a jetski near the surfer.,bddda1ab0f844d67989288e8445378a8.jpg,
461,tie,Get rid of the hat on the closest snowman.,ed4d12c0eb5640fb99f95cef31d360fc.jpg,
462,tie,Adopts the art style of Hayao Miyazaki's animated films,8233ab7e129f4bbcae3821af8542541d.jpg,
463,tie,Adjust the background to the beach,cba2ab69fc154c29b7d55391fb8e5a4c.jpg,
464,tie,Add a toy doll sitting on the blue chair.,b3d300c4053540af82f035a45c6c4df2.jpg,
465,tie,Change the hat’s material to paper.,b337de35437240d8934e6bc85cebf175.jpg,
466,tie,Add a cat jumping in the air in front of the womans hand with the mit on it.,29fad974d78441929815d0452488fd67.jpg,
467,tie,Remove the bag from under the cat.,31c8d99c0f5942769954a0a71ef9e4d7.jpg,
468,tie,Add a green hat next to the glove,a7a70ec01530442d95b6a5bac8dc42b4.jpg,
469,tie,Remove the bangs.,a1de9df9de264be6be1a64d478307fbb.jpg,
470,tie,Add a whale to the mural painting on the wall.,f52d4108e97a41ca8462dfc7bbbed4cd.jpg,
471,tie,Remove the sink faucet from the sink.,0c00312f75354d7cb4cc1c88bf2cc07f.jpg,
472,tie,Delete the small cake that has the number 30 written on it.,61072007c5a0452eba32967fadeeaee8.jpg,
473,tie,Swap the cake for a pie.,7d0e5e5c3e444b0caba2994ed20a03ba.jpg,
474,tie,Add a trash can on the floor to the left of the toilet.,8863c46534ac49f9957d383068d0268c.jpg,
475,tie,"Make him more handsome, with sharper eyes.",b1c00eda3a34448daaecc9bd6f872369.jpg,
476,tie,turn the poster in the back into a window.,4bcab552a51a468e93086cd1a77be44d.jpg,
477,tie,Make him lose 20 pounds,f1ec388fe5a4455ca4f191be1ed13c4a.jpg,
478,tie,Remove the house in the background of the image.,9c69764621ca47f89a82f968108d2fb9.jpg,
479,tie,turn the blue door into a tie dyed curtain,9df6f5bc96ed4f0db09d7896dbe14b1c.jpg,
480,tie,Add an elephant to the toothbrush ,3ebc6a699e4548f9a8ad7c6edac727aa.jpg,
481,tie,Modify the background to be filled with blooming flowers.,ce3497c4c4bf428384dde52fcefad749.jpg,
482,tie,Add a  brown dog jumping up to catch the frisbee,aeec29571dda4a01b3e9f293c79c4fd1.jpg,
483,tie,Remove the sign that says Library. ,b1a2c00ff30644bfb218939d394b4c50.jpg,
484,tie,Remove black hat,5231d23f3cef47eb98ecfbd30e5aac2c.jpg,
485,tie,Remove all the peanuts inside the white bowl. ,7e2858587a154eb98dc31149ecbb1eec.jpg,
486,tie,Remove the tv from the photo,d08fc0e55836427a887463a4a8c837d5.jpg,
487,tie,Change the bench into an old-style iron bench.,4d28879e392e4e42a034030fa21273a2.jpg,
488,tie,Make it so that the street is no longer wet and reflective.,130f336991f84d608b7cb923f75453e6.jpg,
489,tie,Adjust the background to desert,7cf6d7eb31254006b45138f23140c814.jpg,
490,tie,Change the image so it appears to be foggy.,60774e42906744b1bb27f5f24704d792.jpg,
491,tie,Remove the helmet from the man's head.,85328cb0439d4b5fb1bf8a0d00cc4a8d.jpg,
492,tie,Remove the knife from the photo,cd35e4eaa7694adb9aa8b4b2eac1977b.jpg,
493,tie,Switch the image to a high-resolution Impressionist painting.,d8969190dd154e89b2eb32c0c9a0ad5d.jpg,
494,tie,Erase Zebra,b838f4e6a3d34916ada7b131a03e1123.jpg,
495,tie,Add a cat on the bed.,cad41a590a5b45228a7d58a0778e0207.jpg,
496,tie,Add a can of shaving cream to the counter,41a62956ed3e4feabceb071ab0276527.jpg,
497,tie,Put a green bookbag to the left of the white laptop on the bed.,81388a628a6340b6b5bd366e87e66754.jpg,
498,tie,Remove mirror above the sink in the picture.,c38e3efcc4e5498e92ceddb781a8c259.jpg,
499,tie,add a person standing next to the bus,1d928dd9e909445a9882eaf7435909b0.jpg,
500,tie,"Retouch this photo, making the hair platinum blonde, improving the hairstyle at the ends, and making the fireworks more brilliant and colorful.",e3982b71c99c4753a269aa8ba8c279dd.jpg,
501,vttie,"Add the letter ""B"" to the baseball.",52c985f976574561acef2f8915ebf62a.jpg,
502,vttie,Add the word 'room' to the white wall to the right of the lamp.,fa70938c664c48d5aaab98298cfb185c.jpg,
503,vttie,Add the word 'bench' to the ground in front of the bench.,786c0f0b5cc54e23b2592bb3bbb55a7e.jpg,
504,vttie,Add the letter A in pink frosting to the top of the cupcakes.,2881819abdf44b2a921f3380edb722d1.jpg,
505,vttie,Remove the word 'park' from the image.,2bd91a5ef8f247d2a87c357f23cdfec5.jpg,
506,vttie,"Add a sign that says ""Free Rides"" where the man in blue shirt in the front is holding. ",a0232b7198624bcfa508aa5026cc8dc8.jpg,
507,vttie,Add the word 'grass' to the grass.,3ce92a0658c1446cb7c5064fcd7f9525.jpg,
508,vttie,Add the word 'cat' in white above the cat.,7449942552d64e3cb1316d9da63f0ba2.jpg,
509,vttie,Replace the text 'CLASSIC MOJITO' with 'BABY MILKSHAKE'.,1bf77e1dbd4e4d78946bb08a2ba19857.jpg,
510,vttie,Replace the text 'duolingo' with 'greenowl',cdb0706754f041728fd94eb856dbd206.jpg,
511,vttie,Add the word 'brushes' above th right brush.,268e93573b08449883230f72a14963c5.jpg,
512,vttie,Change the title of the book to The Teddy Bears' Fall Picnic.,07da5d57295e400aa73a856086793b22.jpg,
513,vttie,"Add the letters ""CBS"" to the black band on the 4th surfboard.",ea6e642f121741cdb346b8f77ac9814b.jpg,
514,vttie,Change 'guiness' to 'rich'.,87146b2a2ab344099131168e9f2876f9.jpg,
515,vttie,"Add the word ""Elegance"" above the towels on the wall to the left.",8ff87b882b9740269c3d5a2ef0deadb4.jpg,
516,vttie,"Add the word ""PAWS"" to the lower center in small letters and italic.",6043355d8af54e5db8f66618511816a7.jpg,
517,vttie,Add the word 'cup' onto the white rim of the cup.,70855c2c2b1549199da2d30409f1f6fd.jpg,
518,vttie,Help me change Zhuji to Yongkang.,8cfaf5806dd34e0e9fd4d100897363ce.jpg,
519,vttie,Change the number from 27 to 72.,7bc2e5e2aadd4989b5aabcc6e10e17bc.jpg,
520,vttie,"Help me change ""To Youth"" to ""To Youth"".",d4ca4aaa0f9c4b878d51f841267c2044.jpg,
521,vttie,Replace the text 'Science' with 'Nature',2746d8b4c0694d61b7401c53e5d48fc3.jpg,
522,vttie,Remove 'copy chief from random house',15a74e41b3ee4951bb0203ad27d5be1a.jpg,
523,vttie,Add the word 'helmet' to the helmet.,344a74f8741449c2be92bd662aebc8f2.jpg,
524,vttie,Remove the words This is camping from the image.,780d1e428f4e4b8795d7c56b80559f9f.jpg,
525,vttie,"Add the word ""Office"" to the wall over the phone jack.",c3050eebcd2244ed9857e8c5ed5b4004.jpg,
526,vttie,"Remove the word ""Stop"" from the red sign.",de820ddbe03647f889cc13dd4da50b06.jpg,
527,vttie,Replace the text 'PIZZA' with 'PLAZA'.,ecf86efce780400b92c2b5c5a1bdf21c.jpg,
528,vttie,Add the words surfs up to the surfboard.,a64d4bd46bdb437386a36c35711f767f.jpg,
529,vttie,Add the word 'nike' to the front of the white shirt the right girl's wearing.,fa246916ffc4434b880a09d01589bcb0.jpg,
530,vttie,Add the word 'happiness' across the bottom of the image.,c602f2f5aedb47e690df2447af8b7438.jpg,
531,vttie,Add the word japan to the ground.,574467554b9b4d509cf13533c4061377.jpg,
532,vttie,"Change ""so capricious"" to ""so arbitrary"".",a42b471a4cfc481d88ee0f2803050f8b.jpg,
533,vttie,Change the text '10000' to '18000',a26655d1444742dd9c17008dbe8c1b82.jpg,
534,vttie,Add the word 'safari' in cursive to the bottom right of the image.,d965a80f1e6a4e19b5242e6a1fbf2137.jpg,
535,vttie,"Add the word ""EXIT"" over the doorway.",59ad23c40a974aa3967de18760a3427a.jpg,
536,vttie,"Add the words ""why the long face"" over the head of the horse on the left.",04a2fc66c00b41168b8d5bb7d4c48422.jpg,
537,vttie,"Add the phrase ""Wall Street Week"" to the lower right corner.",9f4b96ba0d9d48e8b4fe381a31d5ccdc.jpg,
538,vttie,Add the word 'knife' to the knife's handle.,9c7e3c26124848a4a5e15559468ab63a.jpg,
539,vttie,Replace the text 'SUMMER' with 'WINTER'.,bb5d8ce4f8494c2982beedefd11037f8.jpg,
540,vttie,Add 'GAMES' in the center of the image,70177d55cbfc460d9bb1b1a3352b4cd1.jpg,
541,vttie,Take the words off the side of the car.,96af21bc333f4cd894300bc21cf21efc.jpg,
542,vttie,Remove the words from the bottle.,37980a791aac4b0b9c6c5c200b3bd69d.jpg,
543,vttie,"Change the quote to read ""Happy Hour 5:00"".",3afea8096f8747a09b6f76db2310da8c.jpg,
544,vttie,remove the text “copy chief from random house”,aef36bb0837042c69d18ccb5e9130525.jpg,
545,vttie,Add the word sky to the sky to the right of the trees.,9bae360ce7924fc9bc6b1e69976b2c43.jpg,
546,vttie,"Modify this image directly, do not generate a new one. Add the four characters ""彷徨之刃"" on the left side.",80405b3bff4942a79041cfeb1a2fe4e4.jpg,
547,vttie,Get rid of the time stamp at the bottom right.,cd2369773e324a49904674a523e3491c.jpg,
548,vttie,"Add the phrase ""CAT REMOTE"" in small letters.",5e4d0e958d484410b52c93cf9a2ebecf.jpg,
549,vttie,Replace the text 'Ziel' with 'Porte',19eced5e0b6045ac806516d06f2999b9.jpg,
550,vttie,Change the 911 on the ambulance to 411.,d259fad307364fb1b1dca139f185d110.jpg,
551,vttie,Add the word 'dawn' to the sky.,e5a525e60cf64d17bce331cd35073179.jpg,
552,vttie,Add the word 'rose' to the rose vase.,125857d27c8942118bd9958f75e70e8e.jpg,
553,vttie,Add the word 'fork' to the right side of the fork onto the white plalte.[,7e9f26871cd9463595fea9b2cd52d70f.jpg,
554,vttie,Add the word 'surfboarding' in white to the sky.,7d9cfe6c899545b1a2e8f844bbdaf2e7.jpg,
555,vttie,Add the word 'bikes' to the floro.,6103bf906e8445e881aa2c29c88fa152.jpg,
556,vttie,Change 'donuts' to 'bagels'.,48b3ebb8ad194f15aa48fff5fd509306.jpg,
557,vttie,Add the word 'lamp' to the lampshade.,867e3aca66874958968ee06b6b31598d.jpg,
558,vttie,"Add the phrase ""Nite Nite"" to the wall behind the bed.",82a2dceb952244d2a7cf0b88f18a419c.jpg,
559,vttie,Add the word 'peace' in blue to the center of the white shirt above the existing graphic.,19b2cd57a3b34e4c9d9ee7ecce61473a.jpg,
560,vttie,Add the word 'wtf' to the top of the image.,cbf2ec0310394b7aae63066eb9994ac2.jpg,
561,vttie,Add the word 'cow' above the cow.,794550fcf532459c825b52e6be517f4d.jpg,
562,vttie,Change the text '23' to '45',0f604667c4c04ec1a3e4b0d03b4e5bb1.jpg,
563,vttie,Remove the text.,e8b56b7fea8b469db65d549973f4836a.jpg,
564,vttie,Add the word 'dog' below the dog.,07b45b496b39409389111b3cbaab530b.jpg,
565,vttie,Add the word crazy above the figurine.,ee642e1e212d446aa9e466883a7caaad.jpg,
566,vttie,Add the word 'ceiling' to the ceiling above the left person.,8967f5b2af924a5a9a3f21ecc293f0ba.jpg,
567,vttie,Replace the text 'WOOD' with 'LAND',a128dc30c8244d6f8d084ab608924043.jpg,
568,vttie,Remove the text from the image,bf13eb7364a84d369c0a35eb5a505cf1.jpg,
569,vttie,Change the text 'ESTATE TACHEN' to 'Timeless Fashion',1f9e3c0e19734929a57fc09f564264e1.jpg,
570,vttie,Add the word 'sandwich' below the sandwich.,830b01569c8f4283907dcc7856cc9c68.jpg,
571,vttie,Delete the yellow watermark.,a0acfee6718448e5b99367c1558149b5.jpg,
572,vttie,Add the word 'oven' to the bottommost door of the stove.,b8a2e71cd03d4157b0dd5b1ac931b5e5.jpg,
573,vttie,Add the word 'bears above the group of bears to the left.,5279791d36ae4f9c8bcb3852b02ae22a.jpg,
574,vttie,Add the word 'oven' to the door below the stove.,320d3f44f9c140f4995a0869a041b4a8.jpg,
575,vttie,Replace the text 'NATURE' with 'SCIENCE',db6f8d05b99b4e189be0521b3502aa10.jpg,
576,vttie,"Add the word ""SAMSONITE"" to the black suitcase.",31d2ce8078a84871bb2a4bbf6be84cfa.jpg,
577,vttie,"Write the word ""moo"" with tree branches.",b34e989570954ff49bb6313d782717ed.jpg,
578,vttie,Change text 'FAIRGROUNDS' to 'PARKWAY',16669b635bf249f9aee4b3dce548e2ff.jpg,
579,vttie,Add the word 'couch' in gold across the back of the couch.,3986aca39b914e988deee7aa6e39d37d.jpg,
580,vttie,"Add the phrase ""A GOOD MEAL"" on the lower left corner.",bc8822774da04f7aa66b40713a6c07bc.jpg,
581,vttie,Replace the text 'TOFEL' with 'IELTS'.,fe307079f2db4069b5354a6c193af652.jpg,
582,vttie,"Write ""SMILE"" on the board.",6ac3ab302b7144cda925d4b86918338e.jpg,
583,vttie,Change the words on the stop sign to think in green letters.,ce72d8a6dd04459db83ae1ce613f4281.jpg,
584,vttie,"Add an ""S"" to the left hand shaker.",97879bc3dd834274be0b1313185451e5.jpg,
585,vttie,Add the word 'tennis' to the top right of the image.,fb18c4c10afe463bb186e45b1f22c071.jpg,
586,vttie,Add the word 'animals' to the top of the image.,76bad7968d8a4a04be952bbdf3eded27.jpg,
587,vttie,Add the word' kitchen' to the white wall above the stove.,8ef69e39e1ff4c34a7b418faa25363d9.jpg,
588,vttie,Add the word 'bus' to the ridge of the top platform of the bus stop.,98352873c9ce41748ec9193d93d3e134.jpg,
589,vttie,Add the word lights above the string of lights.,dce2600a3a6b41c0bc97d6c4f6a28b10.jpg,
590,vttie,Add the letters of the alphabet to the wall at the border of the ceiling.,bad6a2a910fc40bda55ba712dca40a1d.jpg,
591,vttie,"Delete ""The Haunting of the Castle"".",7e7523a5d3fc456490663e7a7cf02eec.jpg,
592,vttie,Add the word 'beach' to the sky.,d4559a502b764f6395835545bad92bfa.jpg,
593,vttie,Add the word 'ceiling' to the ceiling.,7530dd40e40e48efa1f993db91ab304f.jpg,
594,vttie,"Change ""36-6"" to ""24-7""",1129a9c0bd4341bc93b524179e3f46dd.jpg,
595,vttie,Add the word 'dog' to the top left of the image.,c774aab5acdb49ce9798e9176a1f885d.jpg,
596,vttie,Remove the text from the image,09bd89402d0f433a99cfd10302571670.jpg,
597,vttie,Add the word 'supplies' across the top of the image.,d69f01832e104e47a03d59c870fa4608.jpg,
598,vttie,"Add the word ""I WAS HERE"" to the sand and make it look like it was drawn in the sand.",14047c8c8ae143c0bed4a5d5083f436b.jpg,
599,vttie,Add the word 'pot' in white to the black pot.,b3ec38e046fc408a90d36bb841f81839.jpg,
600,vttie,Add the word 'cane' to the handle of the umbrella.,7a0ab67d83bb4a029dff8a21b31beecb.jpg,
601,vttie,Add the word 'apple' to the left surface of the apple.,3b5d8caa6fee481ba44c121c500485d7.jpg,
602,vttie,Add the word 'chair' to the sofa back.,2f5897e6c4be45bc9a65dd4873d27620.jpg,
603,vttie,Add the words 'food market' to the top of the image.,39165a3b39d049e38daac4eb47fc0f74.jpg,
604,vttie,Add the word cat above the cat.,7c875a2821eb4054985c2b0666d98904.jpg,
605,vttie,Change text '23' to '45',4913f8141112486abbfe4b8284f32333.jpg,
606,vttie,Replace the text 'chicken' with 'beef',587e358ea0844ea1a27e6784db5d84fc.jpg,
607,vttie,Add the word surf to the sky.,3ab2a02e5c6c472ba33bf87c148c2a2b.jpg,
608,vttie,Add the word 'pizza' to the bottom left of the image.,c17c64604b2b4df8a99b120bcf3838c6.jpg,
609,vttie,Add the word 'toilet' to the toilet back.,31ebb0f034aa418ca268b3295e08e935.jpg,
610,vttie,Replace the text 'Salmon' with 'Sandwich',8a328cf083624f65a56579f198a80337.jpg,
611,vttie,"Add the words ""VISIT THE ZOO"" in Time New Roman light blue.",3c649ad024df4c099b1c48c3ba0d9faf.jpg,
612,vttie,Change Los Angeles to New York.,37fb8f4b5f3c49cab2faf13b5168a9c8.jpg,
613,vttie,"Add the words ""PLAY BALL"" in comic sans to the grass.",8e1a36b6c62a40aab1f33419e2b41280.jpg,
614,vttie,"Replace the tattoo text in the image with ""此生不负你"".",91e46a32dfc94ec6af032de3755aaef6.jpg,
615,vttie,Replace the text 'SHEFFIELD' with 'EDINBURGH',01309910e64f48caaffe5b3db8b344e3.jpg,
616,vttie,"Add the phrase ""AT THE ZOO NOW!"".",7f5a1151d2fd44f1a8910db64537d5fc.jpg,
617,vttie,Add the word 'napkin' tot he square paper.,7a86a730806c446f80ccf1fd8676cfa0.jpg,
618,vttie,Add the word 'xmas' to the top right of the image.,cba6dfe0cd094e95ae414a00f3cdfecb.jpg,
619,vttie,"Add the word ""Beach"" to the lower left corner.",e1f865903834446c9208bdb06f0621dc.jpg,
620,vttie,Replace the text 'LONDON' with 'ENGLAND'.,98ba003b942a47bba0d77e77a012ff4e.jpg,
621,vttie,"Add the word ""EXIT"" over the door.",08c9ae88a99943b8bd3cc943a071d4e8.jpg,
622,vttie,Add the word CLERK on the shirt of the man that is seated.,b9c48571292f4369a60352256ac06a7c.jpg,
623,vttie,Remove all lettering from the airplane.,493f65ffafa84e1d808718a9d421b2ea.jpg,
624,vttie,"Add the four characters ""松前云鹤"" to this image in a calligraphy style.",9fedde5825a0499e9e406b5b222c8d4f.jpg,
625,vttie,Add the word 'mitt' to the mitt.,609633c179a543119a59103514808513.jpg,
626,vttie,Add the word 'chilling' to the top of the image.,0f6fe2ff41c449ae8dd6445799f1b38e.jpg,
627,vttie,Add the word 'player' to the left pants left of the player.,1d4fb1898dcf48e2910c2845eed28cb5.jpg,
628,vttie,Add 'Written by' to the right of 'NANCY DOWD',3a1dde50e4d54a4fb49cd2f8913bb6de.jpg,
629,vttie,"Remove the text and add ""我爱你""",8a295af994574f53909fd9c8890361eb.jpg,
630,vttie,Change the number on the tail of the plane to 345.,6221a01a6f23405095b7b2cc9f32a057.jpg,
631,vttie,"Add the word ""Keep closed"" to the upper left door.",0b1e218d1fb0410d86d0a0057c445c0f.jpg,
632,vttie,Replace the text 'JACQUES' with 'QUEENS'.,66a0565e81d941a888a83dd45de2530f.jpg,
633,vttie,Add the word 'floor' to the floor to the right of thebaby.,6c36e19c1d594d62a1d1413272a097df.jpg,
634,vttie,Add the word 'beach' to the sky.,24267f7ee329404fbb65753864118cfe.jpg,
635,vttie,Add the words 'hot dog' to the top right of the image.,fd007c332f08400abc05e009d6dd8d07.jpg,
636,vttie,Add the word 'bear' to the forehead of the animal.,a45e1092d04b44b7bc667ac71a1d74c2.jpg,
637,vttie,Replace the text 'WOOD' with 'LAND'.,81f770ddbbc940669dbe5b249992b666.jpg,
638,vttie,Replace the text 'me' with 'he',7cc456a0280e4f2d80c496c02087fba1.jpg,
639,vttie,Add the word 'kitchen' to the bottom of the image.,31ee925db4bd431a8486abc3640953ea.jpg,
640,vttie,"Leap, can you replace the word ""Cao"" with the word ""Ye""?",b49a63302f7b415ab665ef634d3d43fc.jpg,
641,vttie,Write Cowabunga! in green across the center of the pizza.,a89eb0549dfe4b85b7b532721fb635e2.jpg,
642,vttie,Add the word 'cupid' above the cupid.,a565186861304d089222e24b0481e21f.jpg,
643,vttie,Add the word 'mouse' to the mouse.,e03e1ba231bb4b8ca165ddf516426e9e.jpg,
644,vttie,Add 'SPRING' under the text '2025',a40773ba74da49e19e8a29611da48861.jpg,
645,vttie,Change 'stop' to 'think'.,0221210a28ef4cff8faa40cee4eef930.jpg,
646,vttie,"Add the phrase ""I bring to you, master"".",ca4a85123cd541969468d1dcaf7e8642.jpg,
647,vttie,Change the text 'ESTATE TACHEN' to 'Timeless Fashion',b3ab7298922546c5828543f0db50546d.jpg,
648,vttie,Add the word 'ski' in white to the sky.,d764587ad3664814b0396697f3d30c6a.jpg,
649,vttie,Remove the numbers from the front of the train,1074daf922524c84b7fd59c01c7f82e2.jpg,
650,vttie,Add the word 'sky' to the sky to the right of the pole.,dec09e864d0f43d9918d167f62754563.jpg,
651,vttie,Add the word 'zebras' to the right of the zebras.,dc077555f3404640a3e7cab321f7d67e.jpg,
652,vttie,Add the word 'cute' to the white shirt on the girl.,6b249998fa1345fd869cbe03bc825a8e.jpg,
653,vttie,Replace the text 'IELTS' with 'TOFEL'.,3f21c5de3e5146a58cd1cde66ded6033.jpg,
654,vttie,Add the word 'cup' to the left cup.,1c9709b96fea4dc5ae77f9ec52d385b5.jpg,
655,vttie,Add the word 'antique' to the sky.,46665b852a0746a38248f85f7032cc18.jpg,
656,vttie,Add the word 'horse' in white to the side of the horse.,7fa2dc2576734c3b97a7a31fa3d9bdc1.jpg,
657,vttie,Replace the text 'LONDON' with 'ENGLAND',b9b6f365b4854fc3bf8ac63fa3b5da42.jpg,
658,vttie,"Add ""GAMES"" in the center of the picture.",9fe4f868a37642bdbc46ac81ad93e96a.jpg,
659,vttie,Add the word pay here,a960acf517a74b14a1c495addc854c5b.jpg,
660,vttie,"Add the phrase ""IRON CHEF"" on the wall.",38e8bffc864e4b14ad3c9a77443b958a.jpg,
661,vttie,"Help me change ""行动"" to ""出击""",093a7103a5414c16b0f4436a7680181b.jpg,
662,vttie,"Add the word ""CALMING"" to the ceiling.",070863a10cbb47faab76725f4a0c56f3.jpg,
663,vttie,"Remove ""Secret Marmalade Fish""",6ea403ccc0d54f84b2ccb1ada9c3b029.jpg,
664,vttie,Add the words 'blue skies' to the skies.,dea86f5d19e04f48ac5cec631454977e.jpg,
665,vttie,"Add the phrase ""DOGS AT PLAY"".",94fb1c6bb53b43aab41175e46e66abf9.jpg,
666,vttie,"Add the word ""DROUGHT"" in bold letters.",c7dda04322554b19b52060b605acd036.jpg,
667,vttie,"Add the word ""CATCH"" on the lower right corner in small letters.",6a07443c88534390844f4906a2333147.jpg,
668,vttie,Replace the text 'NIPS' with 'CVPR',2578ccf7aa5a47eca5ff2a6ee3cfd630.jpg,
669,vttie,Add the word 'kawasaki' to the red panel on the bike.,c442f197e5c543088b3bb2a8da638082.jpg,
670,vttie,Remove the following words and numbers,6f673877ba9947ed918c8dc3a5caf176.jpg,
671,vttie,Add the word 'love' to the bottommost posit note on the wall.,0c661b0ea1a44cfab16f03b71a0052f7.jpg,
672,vttie,"Add the letters ""BBC"" on the white building over the top windows.",3c191f79ef564189ad3fc56b5386f172.jpg,
673,vttie,Add the word 'food' below the bottommost broccoli.,e6d4621999a54af290b97b2313a19cfc.jpg,
674,vttie,Turn the word salon into police station,01a1f2199448458e8511b6e0611d97bd.jpg,
675,vttie,Replace the text 'hotwind' with 'cool breeze',b56fd965d5384f47a0da7b8a235bddfb.jpg,
676,vttie,Replace the word Angels on the jersey of the batter with the word Devils.,0fb9b7da511b4d63a4e0f586ccc8a8d6.jpg,
677,vttie,Add the word 'grass' to the grass to the left of the girl.,3b12b4dd318d443da74f0b6c46fe0a50.jpg,
678,vttie,"Change the name from ""Journey to the West"" to ""Journey to Myth"".",da863169e6c24e8981fe9e5be63ca548.jpg,
679,vttie,Change the word stop to say go instead.,fa5ebb4cfb604809934c85202abb1168.jpg,
680,vttie,"Add below the mirror the words ""Life is Better with You"".",b02a2c8f5f19473aa2e92c45d25e9a6a.jpg,
681,vttie,Replace the text 'DARK' with 'DUCK',5cdf293b768e46b0b4c95fbcc688dec2.jpg,
682,vttie,Add the word 'luggage' to the luggage that's the highest in the image.,2ffaf5507b79468a95b3aeeda001c14a.jpg,
683,vttie,Add the word 'sky' to the sky above the right person.,bfc1b6a4118d4350bc8841a2d4c360c2.jpg,
684,vttie,"Add the word ""FLUSH"" to the toilet seat.",7d855c06e40b43488a2145dc1ab19d37.jpg,
685,vttie,Change text 'SNP' to 'Call me',a427f3b11a9e4dfb8c543c85bf3ddb53.jpg,
686,vttie,"Add ""GO SKATE"" in bold letters.",214b9b7296ea40f695d11e24717156b2.jpg,
687,vttie,Add the word 'board' to the board.,1a3ce1a541f74c34b05bb7023c7bebef.jpg,
688,vttie,"Add the word ""BELIEVE"" to the wall behind the man.",40bfa341dcb64283a3fe76de4820a6b5.jpg,
689,vttie,Add the word 'sandwich' in gold across the top of the image.,9c25afb478a142b080793989f7bc0f62.jpg,
690,vttie,"Remove the wording ""iGoogle"" from the photo.",053a7b8524c94dd2a666a2bc763fc403.jpg,
691,vttie,Add the word 'fish' to the slanted wall.,7b505032da4a450f84ff34adb786b381.jpg,
692,vttie,Change the sign to say Pride.,2682417552a5488d832d71903446d4ec.jpg,
693,vttie,Add the word 'turtle' in white to the left of the turtle onto the awning.,26af3e0f54bf47499eb720f2acbf3e92.jpg,
694,vttie,"Add the phrase ""SANFORD AND SON"" the side of the hood.",4075487a900b410b95996639f4c769d0.jpg,
695,vttie,"Add ""supersized"" before ""explored"".",93c26253de1f404784c2bd367177a5c9.jpg,
696,vttie,Add the word 'hat' to the hard hat.,a812259003c340c4b9f4a78045399fba.jpg,
697,vttie,Replace the text 'chicken' with 'beef'.,15b7a49599af48a39c0eba8dfd515567.jpg,
698,vttie,"Add the word ""SPORT"" to the white shirt on the man.",d85aeba52ad345129255cdaeafe013d5.jpg,
699,vttie,Add the word 'thinking' to the forehead of the woman.,168a66f09ecc40b6a05d76f2d9318ebf.jpg,
700,vttie,Add the word 'bridge' across the side of the bridge.,fc703ebf018b48d3aad707f3307cbe9e.jpg,
701,vttie,"Add the phrase"" GO TEAM"" to the wall over the mirror.",3b2910c8edff4900a4a196de6f03e5c6.jpg,
702,vttie,"Add the three characters ""苍穹决"" to this image.",12568ad69a7541b6abe59a31d33facbd.jpg,
703,vttie,Replace the word 'dell' with 'apple'.,f1580a6be8c945eeaa9ce7b1a96f1e93.jpg,
704,vttie,Add the word 'umbrella' to the pink pane of the left umbrela.,7495cf6efe2a4634883045f505613707.jpg,
705,vttie,Replace the text 'SPA' with 'Relaxation Oasis',3d17db29236843aa9489e07d98e605dd.jpg,
706,vttie,Replace the text 'lululemon' with 'lelolelol',fc84f55e1fe04eaabe46e0005ab81dbb.jpg,
707,vttie,Add the word 'ball' to the white baseball.,0396413dd5cd40dfadeeea478fe6c01e.jpg,
708,vttie,"Describe this photo and replace the text with ""人生靠自己，三分天注定七分靠打拼"" in two lines.",9a6ac44a50204ca3ad28aacfc5351e2b.jpg,
709,vttie,Add the alphabet to the wall over the blackboard.,0961bf63bf80413ebac1686b1231ffc9.jpg,
710,vttie,Replace the text 'SPA' with 'Relaxation Oasis',d236ac9501384302bc7344c9c6e6d076.jpg,
711,vttie,"Replace ""LULU"" on the truck with ""HULU""",c575a9e17416445489523cd44c807de1.jpg,
712,vttie,Add the word 'microwave' across the top of the door of the microwave.,e735c85a16ff447bb726a809910b4c5d.jpg,
713,vttie,"Add the word ""HORSE"" to the sky.",ef7720d5ed5b4daea4517599d04d4a5d.jpg,
714,vttie,Change 'crew' to 'gang'.,83dd29510fbb4dd29c182f82f597f5c9.jpg,
715,vttie,"Remove the text ""戚风蛋糕"" and rewrite as ""鸡蛋蛋糕""",5e4a46d6852f40dfbec1eaa073c6d2a8.jpg,
716,vttie,Can you remove the white text from this image?,359e78f736384fd88011b29c976771f0.jpg,
717,vttie,Replace the text 'FERMENT' with 'delicious treats',3fac9fe29110419f80f440a707e9f0d0.jpg,
718,vttie,Replace the text 'NIPS' with 'CVPR',e16173b355c34b8cb8b58a31b53a0b9b.jpg,
719,vttie,Add the word 'serene' to thesky.,fa8c3e3dcfbc4d10b967dd2de2295160.jpg,
720,vttie,Add the word 'green' in white to the green tip of the marker with a grey base.,be42eecf29c04fe298a532f6d2df369d.jpg,
721,vttie,"I want to change the letters on this piece of clothing to ""DIOR"".",35f7d723202e4af58321cad0425aafc9.jpg,
722,vttie,Add the word 'christmas' to the bottom of t he image.,812b5df7795b4a21878c1d9bd22790fa.jpg,
723,vttie,"Based on this image, change the hidden ""New York"" text to ""ALEX"".",f1431a98328e47ae9f6e044b35cd29b0.jpg,
724,vttie,Add the word DANCING on top of the umbrella.,04748220ea94454dbc2e97f8842652be.jpg,
725,vttie,Add the word 'giraffe' in green so it kind of blends in with the trees to the right of the giraffe.,6d462a60e1f343958510b01fae3a7e54.jpg,
726,vttie,Change 'castle' to 'fortress'.,b6178208866644db865180618ef2490e.jpg,
727,vttie,Add the word 'office' to the bottom of the image.,664b381473de4512ace704b1a6ebb1bd.jpg,
728,vttie,"Little Yue, can you replace the character ""曹"" with ""叶"" inside?",e62652bea0264fbea0741d98c52699e8.jpg,
729,vttie,Add the word 'truck' to the side of the white truck.,a0ca0a166ab742f2b07400b5dff6aec5.jpg,
730,vttie,"Add the phrase ""HAVE A SEAT"" in big bold letters.",6c31167ef89146cf94110f52e177e0d0.jpg,
731,vttie,"Add the word ""Moo"" to the milk bottle.",d405f7154d07437c92b655d7d04fd69b.jpg,
732,vttie,"Add the phrase ""Grazing Moo"" to the grass.",d1f19f1217c44db38c691690718d4e57.jpg,
733,vttie,Change the number on the sign from 730 to 830.,1eb11275b4be4482b750b09ec93332fd.jpg,
734,vttie,"Add the phrase ""picture this!""",f1afd8b79b384b40b9e9113a1fb31331.jpg,
735,vttie,Add the word club to this picture,46feaff53a09411dac8dbadf5fb66231.jpg,
736,vttie,Add the word 'walking' to the mountains in the back.,cc86067b4c51488d908c684886f53872.jpg,
737,vttie,Get rid of the words on the side of the plane.,5888f0e6dcbe4bb0b1c2562e4d99de7d.jpg,
738,vttie,"Write ""80 centimeters higher"" on the horizontal line.",496791a58c53415b982c16f16fbf3b8f.jpg,
739,vttie,Replace the text 'me' with 'he'.,5c4a25e04521429a9d6fbb7151733992.jpg,
740,vttie,Add the word 'pub' in brown to the top right of the arch.,eebbd291853542ddb50f3f7132edace8.jpg,
741,vttie,Add the word 'miniature' to the top of the image.,f5a7aa927e7e41eeacfb7b75c09956a1.jpg,
742,vttie,Change 'donuts' to 'food'.,db85a9740fc246dcb324a934d717e2e3.jpg,
743,vttie,Remove the 1983 sign behind the fire hydrant.,93e8d4cd18f84506ad7f02b70050400b.jpg,
744,vttie,"Add the phrase ""CAW CAW CAW!"" on the upper center.",408c99769d3141f6806e464ab771d31c.jpg,
745,vttie,"Add ""MMM GOOD"" to the lower right in bold letters.",a88a64b6bfc947ed985f838632d19b86.jpg,
746,vttie,Add the word 'warning' in white to the code on the screen but to the right.,1b831052db67496aa2dd23082ea814f9.jpg,
747,vttie,"Add the word ""BAAAA"".",8954bf0b0e89480a860fb3ae33e5e9ef.jpg,
748,vttie,Add the word 'bag' to the bottom of the backpack in white.,4c1f9a488f8f4a3382f5fafbbd991b59.jpg,
749,vttie,Add the word 'tv' in white to above the tv.,696ea59f5efa41eeb63dbc60b80feb8f.jpg,
750,vttie,Add the word 'sky' to the sky above the people.,fdb31e7c25cd4170b55be7c6f805f79d.jpg,
751,deepfake,,5788930d961445368f7e0fcc84f5d8d2.jpg,55dd66b2ce454de59fc304e454d8db6c.jpg
752,deepfake,,4a0a576626984d2e84a4c9d8cc46fb05.jpg,3e7cb21ab5e24c888e1fd915e91928dc.jpg
753,deepfake,,3150b5b09813428a835b71d21b357a5e.jpg,d5caa8d33381478aa5dc278b91c706e6.jpg
754,deepfake,,8b188e7fe5574a629f6f6c1381a17e19.jpg,2973e439a64345019d0173857b1c01d8.jpg
755,deepfake,,70c6f7da78734cc981ca6dc9b432b437.jpg,b3314cb054e74433965eb0c1e649433f.jpg
756,deepfake,,fd2b07892d614715a8fea8d027952f4d.jpg,1b7ba2f49820459eb965594510b8cf43.jpg
757,deepfake,,9f6ca86c4a3441e7b797817e414ce2ac.jpg,74737ac4248442269eafcd3338bb283e.jpg
758,deepfake,,c65bfdf5e6874fd287d7d2d57c91dcc2.jpg,46b9b2c03cfd4f4284a97ffa309efb20.jpg
759,deepfake,,acdc27744cc44d12982133d265f818d9.jpg,51f580ade55b45b092ab017111fb3969.jpg
760,deepfake,,2475988fde85453185a038ef45a0456c.jpg,c1db6a3e31a34fbb94fde153e912b4bc.jpg
761,deepfake,,2a7623f4665b4f6e90086fdfe736abe0.jpg,d5691734523d499398d8f32fa5c918f7.jpg
762,deepfake,,da21d2dfab7b4a34aac444ef8227ea86.jpg,79041f81ca424ff9b040750b72d34b15.jpg
763,deepfake,,746ef4bf4bae47a78d623b0f901c0448.jpg,bcf2e3ff84764a2cab67f39dcba77606.jpg
764,deepfake,,d2228f0cd83844beac4eb44e80d255ad.jpg,8825fb7afff446aab7f3d79f287eef1a.jpg
765,deepfake,,64c91bbde4234e79b8bda9633753a1f9.jpg,14756584b606467ab7e661f229849c44.jpg
766,deepfake,,368405f3186647ca92cb40fe746f3d91.jpg,f1a5750634b44c93941e2eac6cf3e64a.jpg
767,deepfake,,67c2adcd68a140b097516b63f0a2abf2.jpg,8b381412bf0a4aa08b3db7ff8fcd9639.jpg
768,deepfake,,df221691e10048ea85ef2ec432abd6d7.jpg,6223161857ab47bd8115034b677aa860.jpg
769,deepfake,,bbbfd8a75364440da15b4f1351743fab.jpg,486b50c0907f4406a0f1aa89dc579640.jpg
770,deepfake,,8a5215f8d7ba4a1fb798f51b809fc27c.jpg,3f6f6f728d864581a67c5f06068bfb83.jpg
771,deepfake,,523ba0e7dec94a03a561a35508a4b32c.jpg,ce72bdab59074f1bb2ecff94a89b968a.jpg
772,deepfake,,2a68ea2214144560a371ef37a5c83ce0.jpg,2f41764dc5494fabbd195011ce567a89.jpg
773,deepfake,,a0a386f0855243fcb2220f95d0303087.jpg,a754554526864fc582217ecde674085d.jpg
774,deepfake,,0abe2c37167448218d6d90ebe95c7d2a.jpg,afcb736379df433a87f2bf95b29f5693.jpg
775,deepfake,,16989afe95fb479f96c08be9c6317f6b.jpg,f0ea7bb369914e40839c185fe0771b1a.jpg
776,deepfake,,ea84e7ca5b1c45f19c7d5921d643d0d6.jpg,8616a770c0344f9289cc5f1b3ed4fe98.jpg
777,deepfake,,86d43de3dd2c4416894ac5542723265b.jpg,a6934cf4ca23492d8e93da3ab92d886a.jpg
778,deepfake,,9a7a4ef475094366889906eddee45736.jpg,1d1b41db0ab049f9bcf3456e798e0f88.jpg
779,deepfake,,5a521bd512384c3f8aa021982570fd84.jpg,edfa232bb464499bbefd59a4b4965214.jpg
780,deepfake,,aa81354939584d7292ad93f9aac7be24.jpg,cb9758e283de49fc9e71e95fb2cc2367.jpg
781,deepfake,,7a470f244bd84069b096e744f2e710f9.jpg,a5c06f828ee1441592a18cedefe839cd.jpg
782,deepfake,,09f2ee6dd43c40f9acac351270d715e5.jpg,bda394ce54054d97a3e28d8c74c1e9ec.jpg
783,deepfake,,6f8a40ae76f445028c41259be4f4c2ea.jpg,9742545d644b493a8ba290020b1996c8.jpg
784,deepfake,,1abc14125a0d4be9a22bdd944c089c66.jpg,bbdf179d09e4474fa417cdc98f3de16c.jpg
785,deepfake,,b5b069ac4caa4e50b1388f00d71d8045.jpg,503674ec3d704511a7a51e896d8f9fce.jpg
786,deepfake,,bf8db3a247b342f0ab844271a6136d04.jpg,df7a82590da64a9f8eebf7fa5067fbb8.jpg
787,deepfake,,c2201642f92943a0b45ca3b80a3bc678.jpg,206d96b4691b4017acc5231c65605e85.jpg
788,deepfake,,58647d2b499f40bba10e900ef7c6b9d6.jpg,a7ce1f9167ee4285bc4775c9891f86c0.jpg
789,deepfake,,84c9503ecf0a4b97bf11429ab558494b.jpg,94b8b8553f1a449c9c1aa30106992381.jpg
790,deepfake,,a81c0349d3ec43e3bd630646b920780c.jpg,cf5556b2f39e4d048d2f8d29d8d8f7ea.jpg
791,deepfake,,08278c7f2ddc48018b715f53fbf4b4d5.jpg,071782fc35624050a11a20f697446ede.jpg
792,deepfake,,61c3230188934f988671da35929d1a0f.jpg,1dae42ad11154e7e852818fb35d4430a.jpg
793,deepfake,,e07c44bca449434e80db471932e8a555.jpg,48baecd85d8a408c91a5e5f606227ff0.jpg
794,deepfake,,f9d56ca32af8459fac858218276ddb0a.jpg,65d06a84bf004755b2369f228b0c48a1.jpg
795,deepfake,,cbf1a3580b134b9c8944d673ba7cc569.jpg,02e5d083021748cc87cd03cca8506a78.jpg
796,deepfake,,9257f30f64264cec9e5115b903ba93ac.jpg,04cb00e95bf44cd7aa9d411eb5891995.jpg
797,deepfake,,979c7960722d4f8db4135c759fa35539.jpg,95ace909f10b455cab022f818b330b7c.jpg
798,deepfake,,f18263d2f6694bbf8d48cc8402c12aab.jpg,19383dc2c7394988826ffe7a0d21e83a.jpg
799,deepfake,,ee90bf4eeb534288b7bdc6d3a0c41268.jpg,d7c925dd65714f32928a88a0f536cdda.jpg
800,deepfake,,9049bbb4b2414f3cbcc01e98df17d31b.jpg,d865ff876d1a4c8a9ca8eb9e724e40fb.jpg
801,deepfake,,79503ab36c35425abc32a54c98b8e38b.jpg,950565031ed8499f86dec1ac80c2a24c.jpg
802,deepfake,,1fce99871c53412c8f6f026d81e3675e.jpg,d84f71cd1c50488f8b1497cda68a66bb.jpg
803,deepfake,,377562c2112d4c74915e170d677fb6be.jpg,9b0257f72a584ea895902b54a9f22d02.jpg
804,deepfake,,553815d89db14e8aa4228a9cd3da6216.jpg,27a2d046c2e747679a7e27f055d85f82.jpg
805,deepfake,,2c5dfbc0f1c54821815492cc365070bf.jpg,01efe63ea9e14e0ebb48e36b040abe01.jpg
806,deepfake,,f87f503adddf4373ba4a6dc1709de8cc.jpg,8ae4563becee47bdb076afa447ebca54.jpg
807,deepfake,,31cdaae29299449896e302653901c62d.jpg,39e2ad92bec0496d9cdf698881a00b3b.jpg
808,deepfake,,b359ac37fa914214bfcedbb244dab4d7.jpg,a9eb8bb6e1e842bf8d662be6f8b22708.jpg
809,deepfake,,9e7b1e11dc924fe68ae6a8dbc0b43c65.jpg,10b8290567ef40f5b61f2b49c07f7c2b.jpg
810,deepfake,,f9181a1e8644487496200264952aa79a.jpg,8cc2f0905dcb4d8ba7c236a623425600.jpg
811,deepfake,,b20eb611389141eb91cb5ceed67c67a5.jpg,c9d8990fe6654fd1935ad1e3b1a1870d.jpg
812,deepfake,,fa818c39d08a463e966f903c34155004.jpg,395725b379e54481bf31361a5156735c.jpg
813,deepfake,,2fc7ab8f6eb947ad87a3e66339c1143b.jpg,a5173000cece41f0accdefcd40e6f493.jpg
814,deepfake,,0fab4555c2e74288a1c81bdfe7205193.jpg,d0815af8f2304e2c87da99aa6b85ef65.jpg
815,deepfake,,2cec946fd5184537a46122b7a995f2dd.jpg,4edd044e6d134444a5eb868fe2138284.jpg
816,deepfake,,c19af55f6dd74ad8a81c31c53a933164.jpg,75e88c8287b4410681e7f4207e2898b8.jpg
817,deepfake,,34de2c4fd9094d7bb10e27ca6d7e3310.jpg,09e180698f9a486a917194ea8a418f53.jpg
818,deepfake,,b52726ee0c0d40d7af3392e1ac79d6d3.jpg,c56a51bd47ca4769a838d180ad3857e1.jpg
819,deepfake,,ad5bb8c80c0244dd801e17629e0c79e3.jpg,7b7912f1b6494ec29c127fde8b24881d.jpg
820,deepfake,,854e4ca9613848848997913bad1b7cc0.jpg,1614c88cad18437c97d1a8de223a6913.jpg
821,deepfake,,e3dbca4b25b247cabd59890ccc617037.jpg,91d428d451f1459898d355bc22cff24a.jpg
822,deepfake,,cd3f22b0ed2646a3a446d0e55b3c95f9.jpg,88b429cf0a1e4c419d52e1d0f87035f7.jpg
823,deepfake,,9609d23f016242ceb9d4b1c4b01eb2eb.jpg,a90b1c4c8067451c871a75429ff9f4d0.jpg
824,deepfake,,da9f65a97a684bac8254a0224bf2f8ae.jpg,c7033c7af43142739d9806577c0576ea.jpg
825,deepfake,,3d1f4e0623f640b3820d29dfc45193c4.jpg,d143a31dc3134c609d7e232a7ea728e3.jpg
826,deepfake,,c4a420b836c54731bb3fab16b296a08a.jpg,e73a8e0ac8fb47c295a48dfee620045c.jpg
827,deepfake,,4b18e6ee43fe45d8ac09afb2c17ed0b0.jpg,eb41d33a2c184295af69f3ca0a364649.jpg
828,deepfake,,887e874f78224789bf3f70f19c254d91.jpg,cbebb5e031f54a75a59dd17cbc089527.jpg
829,deepfake,,849836b285ad4444bb2a35a6a7dfdc8d.jpg,fb463f81a9524ffea06e56fdc157b1a2.jpg
830,deepfake,,7929a764ac9d4b7eb9a345673b611fd0.jpg,690dd1329e4c4b46a3773385f20e0b1f.jpg
831,deepfake,,907225bd98944e42a015f27f6547aa3f.jpg,1e4d7bf02cc440718bf368977508dcaa.jpg
832,deepfake,,a056813e11fa48bab2ebc0d0606c8765.jpg,13569a11b9904516a0d2848881fd0efa.jpg
833,deepfake,,b227d1a8fdaa43e8aa62ba6c98c546ea.jpg,0a27fe773ba941c2a8a0875cfb0ae983.jpg
834,deepfake,,ed0a07782bc249f791e57550becc8139.jpg,dd019edd89494bc2a6188ad99f2ef3cf.jpg
835,deepfake,,97a83562608e47ebb88970965998b977.jpg,68cb754ee9004a72982376ee9073249d.jpg
836,deepfake,,bbd5336c97554430ba64c802f5f52b9e.jpg,3e8dcbc2501244de804461d435c971f1.jpg
837,deepfake,,cba4278e05bd4cce9f43e33f0025c706.jpg,5115c3480e1a43cfaab0728649fd2144.jpg
838,deepfake,,024ba58d7fcf46f1a4af2a4196e613c1.jpg,1d19fe11f4ab4535ab2983aaf1d1c5df.jpg
839,deepfake,,93b47b3de40e4916b69beeff10759653.jpg,3b6578fe042846059dc88e83a3a91e89.jpg
840,deepfake,,eee97e94393b4180964afe2e3cf5d058.jpg,4d7f88f7ebeb46cf9dc5216d69462fdf.jpg
841,deepfake,,e1cd2580803d48dc8d041a2690f3ee5d.jpg,d23b25675a5e45499301e05e8cc644fe.jpg
842,deepfake,,3e4804e9dd3441f68ce7ecfa7e64f372.jpg,5f08e0f960114d468a77fcf8d25c03e0.jpg
843,deepfake,,2d655b78c5484b9d85b251829e4003b7.jpg,68ac3c842f97415d81b1ee3b9a5d131c.jpg
844,deepfake,,ce380e0f68bb42beaa1fc348dbda3843.jpg,a6861306ff0d45f4963c7403045028ea.jpg
845,deepfake,,d1885842155f44eb80efe056a232a7ea.jpg,6da3f61a48d5491fafcc54b76d4f56d7.jpg
846,deepfake,,9b99781c62794f2db3c04408c3810de5.jpg,385b793df3684804b75baeb44a801162.jpg
847,deepfake,,969aa41c8ff645c0b9c267af12fd064c.jpg,4b954df447694e49b07caa27da45abd1.jpg
848,deepfake,,c2eac87147734591ab71d84cca9a3d10.jpg,7a93492a263442c2bd931feb2464fe76.jpg
849,deepfake,,34f827c7a5ca48de8b0b909a55801bb5.jpg,6c53b42c67494e87b79ca22107176b45.jpg
850,deepfake,,c7ecb00636494e9a98d5c591ebae9d09.jpg,45b9801b2fde46c190e184d9a2aeda2f.jpg
851,deepfake,,fa3aea63dedb474fa44dd987bd08b3d8.jpg,d06b0d605ba140398f567865b0bd87f1.jpg
852,deepfake,,dae5b204d87143dca082285090d9f262.jpg,a1848e47d7ea442283ed13035697615e.jpg
853,deepfake,,7ed3fafc915c4ac092e7aac934fa0c16.jpg,d72c6b58e3fd4463b6bb76ba5cc4ae95.jpg
854,deepfake,,628a3269fdc24fca9458a822341d9e14.jpg,36855ee53cd54a5189ac3a98d543e8a6.jpg
855,deepfake,,2d8de3a7160d4eb090f4d7f0d8e48865.jpg,8675a13e463d4065b1d03116c942151a.jpg
856,deepfake,,59f20964d8994030aa099ee69d2b01cc.jpg,808fda7c3c784b42b94dbe8a7027f297.jpg
857,deepfake,,7a742ff0adc14ccfb68126cd7d369887.jpg,81cb29581a9e4f759d22350b42216ac0.jpg
858,deepfake,,ba0865db7fcd44a785d8804efc1cadc1.jpg,22ad46b2be9a42eda30265ad3eca8353.jpg
859,deepfake,,35dbe01c1fb54ced924ac5d0a03381a9.jpg,97082af0483549888bfa5a414df0bcd6.jpg
860,deepfake,,850350dce9c9407fbbd021df6a8cfe13.jpg,cf33f7a3bf4a4330a3e9cd4a289915e1.jpg
861,deepfake,,b10dc26d0c9349ed91b15c476f692815.jpg,d6c0266355154aae88ad3cdeb9b31f21.jpg
862,deepfake,,f718300e1a9846d68cff98be7ba01bec.jpg,acc12a67f7d14516911f96c9d3909d3b.jpg
863,deepfake,,df047c9594a54184ac5cacb75fab5ea9.jpg,6f1a03a3d42145299828f3161be3d46f.jpg
864,deepfake,,60c902c4e5384ec99e1866427feba707.jpg,3bfea9fc125b45a99d6be50da2387709.jpg
865,deepfake,,74d05adb060c488ea4ce6cc613440db5.jpg,a497ab8d7ca04abd9cdb26ea6684709a.jpg
866,deepfake,,7cc281b0a9354b2f9ecf3361e32e42d7.jpg,136e8876b82f4059ba6138adbd62538c.jpg
867,deepfake,,f96a9b07a8274de393d6aed87cd6d4d2.jpg,a987a22c92624d28afd85aa9d65b02d8.jpg
868,deepfake,,23cb648a6d014c60a242b217b909c433.jpg,11ef89bbe4104a2e8b81096c9e7b2371.jpg
869,deepfake,,08aeec952477418a9b252e479e0eb3f4.jpg,9467c0fc164e4c3b9c3817e240e2fd81.jpg
870,deepfake,,023dc145fceb4573af6ef68332f35980.jpg,5b73656214b0458fa12b5c0dc833287e.jpg
871,deepfake,,30fb4ca1728e4982a10775bf51b38962.jpg,52048b5988354780a9d6aca256f4ebd5.jpg
872,deepfake,,4152573c6cd7427c8b283b20a67ea0b5.jpg,efdc8a941b264225808ef83f69678ad9.jpg
873,deepfake,,3c0c6ec0b06748189908dd62729221dc.jpg,9b8332b3b6b149f2b8bbac7f91cf298b.jpg
874,deepfake,,f7cfc911dc7c468989780f81b3b081d2.jpg,e9d1fd9f253e4a3fb065a7f8adda3f24.jpg
875,deepfake,,a10093bcf0034b8f9e4c45a70bb7cdb6.jpg,f853a4b6a3664a84872d4e1780b517b5.jpg
876,deepfake,,39b86fc5afad4ad3999500c7863709ae.jpg,193cdbca7cf54c85be2a611dd2cccfd9.jpg
877,deepfake,,23f44010912c40ae92cae5fa74fadac7.jpg,b432f48e06064d6782916068896ad0a6.jpg
878,deepfake,,d6e32d0fc89f4bc7b7365adee53c3a66.jpg,da39437c687541ccbb7699bbbc6facd6.jpg
879,deepfake,,c1d79e5397bc4c4f961ec167565c7172.jpg,4993babb670444f39f8ceb5878f5c6d9.jpg
880,deepfake,,73c63a403dd44f83a6d1ecec877932d7.jpg,78e80605f2154c869c6515f1571a1c41.jpg
881,deepfake,,cfc6c7ef4f3a4412ac81cb2203139e70.jpg,d9b0062d5fa945e386379315f67044ea.jpg
882,deepfake,,e37a9fdad093416fa6660d6d97e33ace.jpg,8b5c9c7685eb47edaf0c26d7e434c1e4.jpg
883,deepfake,,c41ebd404d2840ba8fb7d2b94b48a881.jpg,b2d87cf9b1f74f87bc35d0dd1aceb592.jpg
884,deepfake,,c9ee5ed9e5fa493894bc88663638f11c.jpg,b5ab01c60aac4ce5a63cc03a8a896f40.jpg
885,deepfake,,45a65aa2c5ce4989b63ecd1b50e0750a.jpg,3b7a4b634bc742adae1eee6de9fbb71d.jpg
886,deepfake,,b6bdf70dd49942a5ab66b27270797e8e.jpg,9a7f25d89cc847dd9f76bdd2b140d0ac.jpg
887,deepfake,,142eb45b37af4093ac7be96f085c69b6.jpg,4d55008a818f4b9b92c3fa7568cce31f.jpg
888,deepfake,,3e075711fd1c40bc94952eb21dc95872.jpg,984d38b67df443a6937656de62da22d3.jpg
889,deepfake,,fb80a3ad97104d658f4b426351949092.jpg,51f2efe4ca364820ac251f4fc2803f5a.jpg
890,deepfake,,5b8d1cb9b0eb46ba9b15222226f55161.jpg,f4f34e8181ac46d0b02ad310044d804e.jpg
891,deepfake,,5316f8b387134254989c23f898f06382.jpg,5a7a9130cddc4162916a537df4be7598.jpg
892,deepfake,,fe06ed4589d2419a8c06a5a95e8a98f6.jpg,59f7daa3ea234b2a91ccb324ecb844aa.jpg
893,deepfake,,35365bbe24e84a0fb503f82b81943e4b.jpg,7d5619cebccb4b36991839e66aee0237.jpg
894,deepfake,,19015cc9d05043168958f2335079d060.jpg,e0a8dbaff838478d9df6f049c8d112ea.jpg
895,deepfake,,aad3a680bdd24e84b7b21cf36ba461f4.jpg,f3d68cdea8d74c08ae9cf5726d14888c.jpg
896,deepfake,,5d38596c8c0c4ee896a2b31a8a37b65a.jpg,89beb0af710d426b9c5cba4566ba208a.jpg
897,deepfake,,d65bc8d8d4fe4a109a21c1a70b7a838c.jpg,3659b8f90a184875b4b9226b67535396.jpg
898,deepfake,,dc1dbab43d654035831c2e87681f29a0.jpg,6af4d09db33f43929a5042bfacc30f48.jpg
899,deepfake,,07a708d329ee40e0a92b0f9cec3d30ef.jpg,6f018d2736e6406abf2bd3030d21f0f7.jpg
900,deepfake,,62b8b942e1b44d9d808e839900283fae.jpg,e4e3c8e24194424cb37ec43e094d0c92.jpg
901,deepfake,,aaf770a6629147c29790c9c244c9188e.jpg,889628ec650a44bfaed8715c7a5b388b.jpg
902,deepfake,,fcec8c26ceaf498f87595645c552c5d5.jpg,72c1324e7ac94e7a9d583bf499dafb52.jpg
903,deepfake,,8187401942c04a41aacaa3c6c8a1344a.jpg,3ef60cb0707b4083a4ad5857bfffdba6.jpg
904,deepfake,,844fa7c52e7b4f9db3eb1f10151a6ace.jpg,51c362a68a7443d98b83e47601735804.jpg
905,deepfake,,bc2c7f806c4a46f1814193ef1c13191f.jpg,21df4b8ddd7b4118983d3cf7815fad94.jpg
906,deepfake,,01439509e9684ff4997035990a05559e.jpg,a26988c6a3db42b78ae027afe5422833.jpg
907,deepfake,,cbe97e487e1e4840a83327f7ccef5d13.jpg,58e7189b8dff414d80a046dd12efaa39.jpg
908,deepfake,,455b5c1e6fb84b56aa3c6b4244ad0398.jpg,45eec064f6824241a80d01dc68524fb3.jpg
909,deepfake,,43989772d9294dddb6e37293040be897.jpg,8eb5110fbbf34b438d196dc547e2be86.jpg
910,deepfake,,a8b9d863460c4019adadb96a2e0c1816.jpg,c300a50ee060460b93344b1a873cb18e.jpg
911,deepfake,,0e8821715dff4e35a8cc288a6991db3e.jpg,484cfbf0381844a79f6599ff76c0c2a4.jpg
912,deepfake,,c5d9a6308784451ba2a30fa5f3f618c5.jpg,f7259eadb6c74682a2a1c1aa4d84010d.jpg
913,deepfake,,2af1bea7e84d486c9624e9b100de5789.jpg,695719f164b743a08bd8929c0a28e377.jpg
914,deepfake,,d7ea1fbe9c48470e9f744ac23f237e45.jpg,72ad4a9e0b1e49879d40ef6cfda5b30a.jpg
915,deepfake,,2aaba3539bde44029c518d0e3c4a4fdb.jpg,fdc9ad9909f2483391b7427a8aaa3a32.jpg
916,deepfake,,52ae7bcd7f2b4802a549917abbdf7d5c.jpg,75d15132bd2449d78a72c35d326ab430.jpg
917,deepfake,,713261a08576444d8385e11e7e1066e7.jpg,2329ae35e15c4f0aa5d74eb61e0aa3cf.jpg
918,deepfake,,98cfbe43e06445d28bf38d378962bfff.jpg,ec60724ded42459f81e3291842a054a3.jpg
919,deepfake,,3923f3633efc4282b780810ec477f135.jpg,3f9a156eb38a485da42d747b08b14eff.jpg
920,deepfake,,e88e7792c87b406dae440a669a495f5c.jpg,deaa1771bfe24408a6052a511d7d8006.jpg
921,deepfake,,1854b5ac82b3454f9fbb1eeae3d0aefa.jpg,dd14848df4ab45ae8573d8798ad21b7e.jpg
922,deepfake,,8980facb5b2846fa8b006674360231fe.jpg,bfdfeacc32574d228f4371f23fb337b1.jpg
923,deepfake,,70d941f5435d4ac4972bf0c9aeb92429.jpg,229919bdef2d477fac065932a4a4a9e1.jpg
924,deepfake,,ffbf9b12106d4e1db175fdd7e56de192.jpg,10827426711440c4b52709a7331e4e55.jpg
925,deepfake,,1e377e7b8747468b99ee806703fa898f.jpg,19b9b6ab41604b87beeb89cfbccd2d98.jpg
926,deepfake,,200207ba04d34bbba401f14269faf060.jpg,9e79e064eb7c416ab7fdda404ab7e3a2.jpg
927,deepfake,,b49994f34b1a4294be7c5afce3b78d4f.jpg,c2719dbec95046819c8a59ab3d8da18f.jpg
928,deepfake,,a6a872d0451840c3b7cd2f4533ec6c5a.jpg,177a5b64c7fe4d1bb8e03c8e8088bf67.jpg
929,deepfake,,326a6e1d95b44027a00238c00fe74326.jpg,75881f77c7e344d9bccf3ec5548500bc.jpg
930,deepfake,,379a64c5f1b240a5b8cf24fdb795aaab.jpg,97b60c6c03fa41e5acbf702018188ed7.jpg
931,deepfake,,d3821d8bacf04f86ae9cbdd56e493a83.jpg,b9110a90710f44bc9651465f4595efd1.jpg
932,deepfake,,5736448fca33412986b1965986f9226c.jpg,05912a2b4f154bef8ed66ff78dedddf2.jpg
933,deepfake,,82111576b91f472ba673d8ea3f1620e1.jpg,8c63ad12e2e840e19d1a5326ed10053d.jpg
934,deepfake,,0ce5da10322a4a08a27daabdad4be30e.jpg,6e0d9bdadb6649e1811ae4816a233c40.jpg
935,deepfake,,22ea722a4b83430fbbd1dec22761816a.jpg,7d377cdbd87f46c7b4f417b4caaae7f6.jpg
936,deepfake,,84bcb08ccc8840aca95a4599046902c7.jpg,ec4c727991094c559d817778a39167ee.jpg
937,deepfake,,13e898c8aecc483fa744515109f19ba9.jpg,78f19b425fdc40398186256b1b89737f.jpg
938,deepfake,,4f31d319dd7b4021aea7fd7df6a488a8.jpg,67c57738743c4124a300a02722cc198e.jpg
939,deepfake,,c5c81b5fe52b44ef91d48f7fa76cb07c.jpg,22069784f02f4c1b863ace8da066bbee.jpg
940,deepfake,,edbd9eb4a97c4b5da71f9ac2a1362199.jpg,b0e6dc5387e6438e8c932b13fe1d3a70.jpg
941,deepfake,,226ed5af7c9b42daafdb7c57b24b5c96.jpg,f4521526aea044e5b47dc48370745210.jpg
942,deepfake,,ac07ecfade554ae9868b857295d30a1f.jpg,037f99b653e64a8598f20b0887944a15.jpg
943,deepfake,,a477ebae645d44369b591179b3f7370c.jpg,aa706d628dba459fb620048ce41c9b0b.jpg
944,deepfake,,66e318c378f447c183873ae5782aaa24.jpg,1f14bd21c0284eddb27231a1d307a4de.jpg
945,deepfake,,9b6645993dda4d9fa1d8a4e3bd2cb945.jpg,b8d2b383e4af4fc5871cdd6e599b4209.jpg
946,deepfake,,112061a564364935aab98d49d90ebf20.jpg,361a51e4134d490098252f52cfd87038.jpg
947,deepfake,,4fccebb2124f4e3fb5c2cf8a02607b7c.jpg,ef030d1f77184b7b93619b02e346dbf7.jpg
948,deepfake,,3b675b2bd634447a9cbfa77381e5d5d8.jpg,c93469e5d2b746b8861e6f2bfb9b84ca.jpg
949,deepfake,,09dfce5f02d64398b23dac31247fbd85.jpg,1c8bab9f8c4945188e8c8789148f6027.jpg
950,deepfake,,88268a3f671946d89a6ea23792879588.jpg,0dd62c1ab6844fbcb116d080258f786b.jpg
951,deepfake,,f58d04999f3a4211b1822ac6daeffe2c.jpg,07ab596b192c42fe8cbe0aa65a8ce9c5.jpg
952,deepfake,,538b2ef76ba149838890f70aeca2bee6.jpg,1669fe85db814ed0b5dcea59662f8500.jpg
953,deepfake,,89932633217a43d5b20327e872c441d8.jpg,79997531cc984e8fb03601cd2f691f11.jpg
954,deepfake,,ff2296aed6534a709b3c9119b88d3aab.jpg,7640ab0809334f18ad69dee2f1a714f4.jpg
955,deepfake,,a7c61849d02940189765a99fbe72b3ed.jpg,926e0251059e46bebea4f8cb30861405.jpg
956,deepfake,,fc67072cfc1b4d088e61b883ee4f4738.jpg,ced6010b2c684235a1f84097eac3bfe3.jpg
957,deepfake,,4de08b39b35140f4b845f0546e2ae39a.jpg,b6ac83da27e34d68ba5acedf53230c6d.jpg
958,deepfake,,fcddb3ebdfe346e3a17e6617df50673d.jpg,c1db3760f0f247b4b10fc8707390fa0e.jpg
959,deepfake,,ef81dde87ce84c9a920d3bc912d58302.jpg,96214d1cb1ad4b1ba49fff491e81519d.jpg
960,deepfake,,f0f03bdc474949008b32dc6a9f39d8d4.jpg,f7e13d17d1934a568380b9d7526b257e.jpg
961,deepfake,,82cbed382bec44a196e7ea72702916c8.jpg,dcaacc2e945042b187497e5d7177792c.jpg
962,deepfake,,a1aa7f3da5df456db17d9cb20dd17885.jpg,c0b8b69319cf4cb2ad8b24a80b935200.jpg
963,deepfake,,6bf3ab91b4fe49aaa8fad52493dec3f8.jpg,1998ad9da3a14afba7e990f5bceb1097.jpg
964,deepfake,,1afb03629ca547879c7d03691909ae99.jpg,621e746bffcd4699a66953a53c071b9d.jpg
965,deepfake,,8c8d93e5993244aa85c7a4d753cc2c28.jpg,ffe2ae039f4e41be9c51e68d740dce81.jpg
966,deepfake,,328cca0a642f4e20b6ad2088a1e26cff.jpg,bed90503469643d89eec1f690a20ddfb.jpg
967,deepfake,,26b4c6a81406465991e2ae5d49535586.jpg,46d7ab9588a94fb38cdaa7fbedca0147.jpg
968,deepfake,,30bb39f4147a4b75b6b9888585bb3615.jpg,ccb2ea482e93481eb38e9b013f08a7b3.jpg
969,deepfake,,5a75616784b94b44b2a23c710eb4b985.jpg,1701d66ed1314e5d8effd5e20e940aa6.jpg
970,deepfake,,52b2c7887e154f7a88c67092d563966f.jpg,f5e5b7a8624c49438984d16e3e817c8c.jpg
971,deepfake,,73bceba09e46486496fcbc15c1285d73.jpg,1b02fca92a3d4e1fab7cf576b8155e85.jpg
972,deepfake,,e3e6e0009db5474ba82bcee878e712d2.jpg,1518c0d79b794ee697d07f124c05f034.jpg
973,deepfake,,3bbb1346e01e44f3809feaf49253c951.jpg,e7790b6f42184f58a103b338b3df859b.jpg
974,deepfake,,1ab2b9efcb174abc82face2c73ab90c2.jpg,3d0bfc59ee3941b1a9026d34cc998410.jpg
975,deepfake,,8c2b580601414eac907d2f91a727af0b.jpg,91533011e72d4c22af250b8445e65c40.jpg
976,deepfake,,a7bee47b6d764f7cb9d6f61b2e24d4f2.jpg,a92973cf857f46479ae5e5057ce93d4b.jpg
977,deepfake,,2248426457f54535b3f22775638ad501.jpg,ba1374d6bffd445da58ac238c5db77a6.jpg
978,deepfake,,0e1d8452df4f4d7ca1130e4f0af554dd.jpg,3092645c757a4995afe08c5f7fbc801b.jpg
979,deepfake,,122b841558ea4953921520c6c18d054a.jpg,5a41a98710494244ac987958616c7cdc.jpg
980,deepfake,,88912f7b98894527b23a4c958e5c4719.jpg,41ffa965313f444182ceac55c0061027.jpg
981,deepfake,,eb7436e9ce344901ae833fe884ce1e88.jpg,b58101a24f0c4f4d97901fcea9263f16.jpg
982,deepfake,,8c8e27f966dd47408e61f88a38eb82d3.jpg,eb321ff484d94c7ab3ab9f7d53b57feb.jpg
983,deepfake,,bf9a7a202a4d4d7c9349b5733e5bb1fd.jpg,9d1522cc8fbc4795a671cfdf1f3b6acf.jpg
984,deepfake,,6590d784870b4f63a6fd0807a72e7b60.jpg,e9fcce2b5b464e98bdff38c47e85cd18.jpg
985,deepfake,,8a1c4079f8e0464fae325948da96efb3.jpg,be5e1ec52cba46c1b8cef69a6dd848cc.jpg
986,deepfake,,c978867761ba4ad987d2778144882368.jpg,ea4bc4578e184011b4137883934b3bd8.jpg
987,deepfake,,4d3c417fbdea41cf949efcec10dea1ce.jpg,e215c8ac827443e4859e7efcf1b725d9.jpg
988,deepfake,,4bd85a44479a412e941567cfea211953.jpg,1f52dabf432a43708fd793301c826b7c.jpg
989,deepfake,,623fda0988734872ad31aac0c491f7e1.jpg,f56e35c7a8f94f4a91b6f4b13422c8a5.jpg
990,deepfake,,12cecb2833b14bc9a7bbfd4b4598e449.jpg,9a61257d0ba54d3a9cc232fc9662a108.jpg
991,deepfake,,4705bc30daa145b9b961bbf840d26d62.jpg,4c247023bb73434a98f40bec4fde8f3d.jpg
992,deepfake,,a84aaf8ff5494ed7813e20785ceb4140.jpg,e92c23e229a94d0390d2ec86480ae2b0.jpg
993,deepfake,,ec843a517d5e4fc5aac512dfbe3770e0.jpg,fc7bce351542454dac6d0172c3025b03.jpg
994,deepfake,,be94b0dabc7a4740a28cfe9a59bd4a66.jpg,5a84b1d8cda147fd8bd6faf83e1ddf3c.jpg
995,deepfake,,821d4492b00a44cbbcd8addeb491fe60.jpg,12246708e258402090cb0c8a8df4842b.jpg
996,deepfake,,4c234474342546df9034a19dbb230bed.jpg,627b2ac2e0194fc89c015c769decfe6d.jpg
997,deepfake,,0aa8cb980be845a4a30b2248f9abe226.jpg,4d00dbabc9ff47fcba54c21d64bcc458.jpg
998,deepfake,,a701aec125ce459b9cff76eadd7e0263.jpg,2b8c21b179ec4c1187d60682f7fca808.jpg
999,deepfake,,70eff544233242dab682d2d209fcc2e3.jpg,77932521bc3c440eba39c34eafcdee25.jpg
1000,deepfake,,4c0b3515b6a14695951fb9d5a3b7f696.jpg,e8d82077d36d44158a5a582df1287064.jpg
